material,exp_id,iteration,replication,writeLatency_mean,writeEnergy_mean,Loo_norm_Error,min_elapsed_time
Ag-aSi,exp1,100,1,455.25525138227584,0.002094266516624521,0.0033120574565968287,
Ag-aSi,exp1,100,10,464.42310138227657,0.0021288895496602944,0.004581226974989993,
Ag-aSi,exp1,100,2,468.44790138227415,0.0021059117683780255,0.0325503871950076,
Ag-aSi,exp1,100,3,455.9113513822768,0.002097575919437649,0.02949938737794908,
Ag-aSi,exp1,100,4,470.4169513822761,0.002130929418615085,0.004579132200061425,
Ag-aSi,exp1,100,5,516.6946513822732,0.0021497465111416157,0.0067431659473985404,
Ag-aSi,exp1,100,6,563.6439013822775,0.002140811175030014,0.005018361528277815,
Ag-aSi,exp1,100,7,464.42310138227646,0.0021288895496602944,0.004581226974989993,
Ag-aSi,exp1,100,8,540.3054013822755,0.0021974448269975098,0.035401679505356054,
Ag-aSi,exp1,100,9,449.22870138227836,0.002078036647759227,0.0022131191707781836,
Ag-aSi,exp1,10,1,450.54618013822574,0.00206092400607943,0.030110886220059103,
Ag-aSi,exp1,10,10,451.2396301382268,0.002053339068848385,0.03080371666941233,
Ag-aSi,exp1,10,2,445.60398013822766,0.00204986167299006,0.0036029202379518717,
Ag-aSi,exp1,10,3,451.0161301382285,0.0020575387076716186,0.03045614777043388,
Ag-aSi,exp1,10,4,451.45593013822526,0.002055368038433499,0.00417409614473817,
Ag-aSi,exp1,10,5,443.7819301382275,0.0020427418544579612,0.0024321006545146317,
Ag-aSi,exp1,10,6,450.54618013822574,0.00206092400607943,0.030110886220059103,
Ag-aSi,exp1,10,7,449.3661301382286,0.002046755628144098,0.004420377986481113,
Ag-aSi,exp1,10,8,453.90933013822814,0.002060288761153104,0.031221256803795935,
Ag-aSi,exp1,10,9,443.7588301382294,0.0020489879908798586,0.001656386380105003,
Ag-aSi,exp1,1,1,280.777053013822,0.0012432360437857376,0.4941936159443063,
Ag-aSi,exp1,1,10,280.777053013822,0.00124094479654468,0.572997457049954,
Ag-aSi,exp1,1,2,280.777053013822,0.0012435280856090988,0.4911109787552347,
Ag-aSi,exp1,1,3,280.777053013822,0.0012412267697803608,0.570349128372624,
Ag-aSi,exp1,1,4,280.777053013822,0.001241794548166923,0.5644030389992037,
Ag-aSi,exp1,1,5,280.777053013822,0.0012415100711612574,0.567340125444244,
Ag-aSi,exp1,1,6,280.777053013822,0.0012406641824546315,0.5759963796034533,
Ag-aSi,exp1,1,7,280.777053013822,0.001242945222560358,0.4969103404364314,
Ag-aSi,exp1,1,8,280.777053013822,0.0012420802854800448,0.5616459597259996,
Ag-aSi,exp1,1,9,280.777053013822,0.0012415100711612574,0.567340125444244,
Ag-aSi,exp1,20,1,439.930110276456,0.002060176305308133,0.008489622465030485,
Ag-aSi,exp1,20,10,464.00751027645305,0.002072851481256695,0.0025923681740319545,
Ag-aSi,exp1,20,2,453.0651602764551,0.002067084629885341,0.004521814362016599,
Ag-aSi,exp1,20,3,450.81276027645504,0.002065123178738733,0.004132865575823736,
Ag-aSi,exp1,20,4,447.3249602764543,0.0020586232525593357,0.028296395352714252,
Ag-aSi,exp1,20,5,451.98441027645595,0.0020581389892712285,0.029704766780375248,
Ag-aSi,exp1,20,6,456.3485102764555,0.0020684286991197896,0.032625398598414075,
Ag-aSi,exp1,20,7,462.3645602764568,0.002064294333878266,0.005481631589429875,
Ag-aSi,exp1,20,8,451.98441027645595,0.0020581389892712285,0.029704766780375248,
Ag-aSi,exp1,20,9,441.929610276455,0.0020524690572971222,0.011344946106270465,
Ag-aSi,exp1,30,1,448.46049041468245,0.0019578534449954275,0.00858200937050857,
Ag-aSi,exp1,30,10,451.40169041468266,0.002080095754180294,0.0025299332021483964,
Ag-aSi,exp1,30,2,473.57199041468374,0.002078220664743105,0.0025110222925108284,
Ag-aSi,exp1,30,3,438.8466904146855,0.0020535855753221507,0.007818567096695726,
Ag-aSi,exp1,30,4,445.89999041468207,0.00207044500754049,0.023372066166703395,
Ag-aSi,exp1,30,5,461.18169041468354,0.002075904666547069,0.003813967630444095,
Ag-aSi,exp1,30,6,465.03504041468256,0.002085503773038478,0.007290060159641616,
Ag-aSi,exp1,30,7,465.03504041468256,0.002085503773038478,0.007290060159641616,
Ag-aSi,exp1,30,8,478.06824041468127,0.0020819582404309417,0.003974419249254705,
Ag-aSi,exp1,30,9,446.73714041468185,0.002056026309706389,0.029114895419153335,
Ag-aSi,exp1,40,1,449.2285205529122,0.00207752560370723,0.0022131191707781836,
Ag-aSi,exp1,40,10,459.6919205529111,0.0020970579645928685,0.004550413271435175,
Ag-aSi,exp1,40,2,433.0762205529104,0.0019257965417807071,0.006730969053872478,
Ag-aSi,exp1,40,3,450.6853205529105,0.002077246260140839,0.0022339115217210295,
Ag-aSi,exp1,40,4,455.1319205529117,0.0020812043909346225,0.0033708837114993047,
Ag-aSi,exp1,40,5,461.58882055290894,0.002063827536500677,0.006109390709624301,
Ag-aSi,exp1,40,6,453.967620552912,0.002094806098016411,0.0015026316594022077,
Ag-aSi,exp1,40,7,474.00807055290994,0.0020958780602361293,0.007686960135013364,
Ag-aSi,exp1,40,8,489.62772055291043,0.002088866859661053,0.0034747433521190286,
Ag-aSi,exp1,40,9,450.01152055290976,0.002070752257501273,0.028302813661027392,
Ag-aSi,exp1,50,1,449.10450069113887,0.002068018883266706,0.0021675048226821357,
Ag-aSi,exp1,50,10,469.51260069113783,0.0021057750680004224,0.007297340548963835,
Ag-aSi,exp1,50,2,460.1032506911392,0.0021095964739061275,0.005687819392843952,
Ag-aSi,exp1,50,3,451.09770069113773,0.0020729137982210964,0.00327513456915069,
Ag-aSi,exp1,50,4,456.88155069113907,0.0020699259731075978,0.012940387892127347,
Ag-aSi,exp1,50,5,463.70055069113846,0.0021004137605148917,0.004584180432854625,
Ag-aSi,exp1,50,6,444.01590069113826,0.002067557265515129,0.020018516374349517,
Ag-aSi,exp1,50,7,454.25235069114086,0.002085346016508997,0.004511847735628027,
Ag-aSi,exp1,50,8,466.37655069113606,0.002099614120641118,0.031703698347189474,
Ag-aSi,exp1,50,9,482.28060069113815,0.002109737007026831,0.007672731888386653,
Ag-aSi,exp1,60,1,430.85793082936783,0.0019527024672046005,0.01739718763359999,
Ag-aSi,exp1,60,10,456.9876308293667,0.0020995686049825038,0.002540697121821654,
Ag-aSi,exp1,60,2,455.8074308293666,0.002104526003457073,0.0018559055150539374,
Ag-aSi,exp1,60,3,456.63303082936807,0.0020916437619504864,0.030137194678948775,
Ag-aSi,exp1,60,4,450.84138082936533,0.0020833964687178726,0.027387224638370414,
Ag-aSi,exp1,60,5,452.97843082936447,0.0020644523928598714,0.004873918619293817,
Ag-aSi,exp1,60,6,468.8307308293649,0.0021167148539745894,0.0328963202478317,
Ag-aSi,exp1,60,7,461.61783082936455,0.0020973941163791796,0.002662681937233196,
Ag-aSi,exp1,60,8,450.76698082936554,0.0020742590124813148,0.029100633167379722,
Ag-aSi,exp1,60,9,459.3406808293685,0.0021190043613505496,0.0014980856556030052,
Ag-aSi,exp1,70,1,451.2891609675943,0.002085226841621664,0.027065421633617925,
Ag-aSi,exp1,70,10,492.9279609675932,0.00209384599447593,0.032271146861842105,
Ag-aSi,exp1,70,2,454.04136096759333,0.00208895659488567,0.028312861660996346,
Ag-aSi,exp1,70,3,457.69341096759354,0.002104527168489602,0.0021780952375270884,
Ag-aSi,exp1,70,4,451.352910967592,0.002096232143959583,0.023897948385644654,
Ag-aSi,exp1,70,5,452.1846609675951,0.00208946235355411,0.027379850400523778,
Ag-aSi,exp1,70,6,451.81851096759294,0.002085468877611722,0.0016506942683227241,
Ag-aSi,exp1,70,7,462.5739609675953,0.0020684538837040943,0.0060968746380711935,
Ag-aSi,exp1,70,8,470.31486096759255,0.0021350028792860858,0.030840067454210238,
Ag-aSi,exp1,70,9,451.8717609675929,0.0020793451985109427,0.002642197780953969,
Ag-aSi,exp1,80,1,429.6636911058196,0.0019118888049741132,0.0033649506462785704,
Ag-aSi,exp1,80,10,461.11584110582163,0.0021212862274495926,0.029019326358694416,
Ag-aSi,exp1,80,2,451.5587411058224,0.0020851845314329145,0.0019260141190108123,
Ag-aSi,exp1,80,3,468.315391105822,0.0021414053651890685,0.0027783524311905203,
Ag-aSi,exp1,80,4,460.04409110582316,0.002094572817225086,0.029702334540591076,
Ag-aSi,exp1,80,5,464.83434110582,0.00214056642689059,0.0025347628027293694,
Ag-aSi,exp1,80,6,450.94494110582116,0.002109794847198639,0.008512931876009652,
Ag-aSi,exp1,80,7,539.9574911058197,0.0021276911453945156,0.0030467309655475834,
Ag-aSi,exp1,80,8,534.852241105822,0.002105161058540289,0.005449873472100295,
Ag-aSi,exp1,80,9,474.35814110582055,0.002133625759492707,0.0307236266816316,
Ag-aSi,exp1,90,1,465.47637124404696,0.002134144171989465,0.005678249045990408,
Ag-aSi,exp1,90,10,455.99187124405154,0.0020966042581212524,0.01993320930526428,
Ag-aSi,exp1,90,2,552.4727712440496,0.002137127842432585,0.003047684578510987,
Ag-aSi,exp1,90,3,460.2995712440525,0.002084472331582097,0.0029425703151231683,
Ag-aSi,exp1,90,4,478.6154712440479,0.0020873505383656606,0.005075142502037436,
Ag-aSi,exp1,90,5,456.4708212440493,0.0020972820473283325,0.0032888460499058106,
Ag-aSi,exp1,90,6,471.7735212440476,0.0021303539136382807,0.005078107414284047,
Ag-aSi,exp1,90,7,450.7633212440516,0.002095918234397347,0.01946090183498421,
Ag-aSi,exp1,90,8,454.41897124404824,0.0021092213370805307,0.024797795772649105,
Ag-aSi,exp1,90,9,452.2388712440502,0.0020823497857300134,0.002163610918270204,
Ag-aSi,exp2,100,1,659.841751382274,0.002308871324767828,0.07600671417098989,
Ag-aSi,exp2,100,10,680.3983513822749,0.0023320171400752114,0.37861754537435477,
Ag-aSi,exp2,100,2,607.7937013822773,0.0022490151598498946,0.08125263384229436,
Ag-aSi,exp2,100,3,583.8612013822772,0.0021853022905678407,0.016889218184812708,
Ag-aSi,exp2,100,4,711.5440513822728,0.0025269579150633153,0.033619626909424535,
Ag-aSi,exp2,100,5,595.1887513822754,0.00226349886222838,0.04271776180026469,
Ag-aSi,exp2,100,6,591.9801013822773,0.002225182810296709,0.03761364012679805,
Ag-aSi,exp2,100,7,616.6171513822775,0.0022796137167725794,0.5037334444288898,
Ag-aSi,exp2,100,8,593.3269513822751,0.0022372478392771026,0.4787897949505915,
Ag-aSi,exp2,100,9,605.670601382279,0.001999967020892477,0.02311678635770266,
Ag-aSi,exp2,10,1,579.944580138228,0.002194738530311926,0.01743246278157253,
Ag-aSi,exp2,10,10,581.2374301382259,0.002182623851171653,0.4787884767040101,
Ag-aSi,exp2,10,2,630.1965301382287,0.0022080101676520995,0.04907977212532257,
Ag-aSi,exp2,10,3,645.8169301382259,0.002203977299592544,0.31346668873765965,
Ag-aSi,exp2,10,4,625.404930138226,0.0022055195599422384,0.26925203495898564,
Ag-aSi,exp2,10,5,603.6913801382283,0.0021767423760889262,0.040695290913615956,
Ag-aSi,exp2,10,6,579.885180138228,0.0021940692419229117,0.030702163410662692,
Ag-aSi,exp2,10,7,579.4428301382279,0.002167677382368798,0.02669497156844498,
Ag-aSi,exp2,10,8,623.6697301382287,0.002195372218586046,0.12839767158074714,
Ag-aSi,exp2,10,9,582.1914301382269,0.002189785501367076,0.47750596345911805,
Ag-aSi,exp2,1,1,273.0364530138221,0.000833587593791965,1.0374483974542685,
Ag-aSi,exp2,1,10,273.0364530138221,0.0008337673626140707,1.037516073326756,
Ag-aSi,exp2,1,2,273.0364530138221,0.0008352364979187577,1.03478865725417,
Ag-aSi,exp2,1,3,273.0364530138221,0.0008334087581378177,1.0374055721936148,
Ag-aSi,exp2,1,4,273.0364530138221,0.000833947965489666,1.037629649324114,
Ag-aSi,exp2,1,5,273.0364530138221,0.000833947965489666,1.037629649324114,
Ag-aSi,exp2,1,6,273.0364530138221,0.0008350498055747833,1.0347393183859608,
Ag-aSi,exp2,1,7,273.0364530138221,0.0008337673626140707,1.037516073326756,
Ag-aSi,exp2,1,8,273.0364530138221,0.000833947965489666,1.037629649324114,
Ag-aSi,exp2,1,9,273.0364530138221,0.0008350498055747833,1.0347393183859608,
Ag-aSi,exp2,20,1,606.6917102764548,0.0022088813374035853,0.5020177079068974,
Ag-aSi,exp2,20,10,583.3776602764553,0.0022094416224874183,0.018766265758088436,
Ag-aSi,exp2,20,2,582.8120102764549,0.002203630591963603,0.030986963240520284,
Ag-aSi,exp2,20,3,583.5567602764556,0.0022098256629836032,0.006590664971273449,
Ag-aSi,exp2,20,4,583.534710276456,0.002195846945467663,0.47750779781999936,
Ag-aSi,exp2,20,5,680.1272102764566,0.002420911229060011,0.4199760038547521,
Ag-aSi,exp2,20,6,581.1735602764547,0.0021795980649098375,0.4548499205388001,
Ag-aSi,exp2,20,7,583.0194602764549,0.002207843558649911,0.005992159775399155,
Ag-aSi,exp2,20,8,634.132260276454,0.0022050720330013948,0.08104121205826509,
Ag-aSi,exp2,20,9,580.8711602764542,0.0021965193757258455,0.4649607760479432,
Ag-aSi,exp2,30,1,583.815690414681,0.0022123213908010263,0.06455693147881711,
Ag-aSi,exp2,30,10,586.188390414684,0.0022031426441957384,0.05699491796013223,
Ag-aSi,exp2,30,2,646.3974904146812,0.002228084226811318,0.3865441051707304,
Ag-aSi,exp2,30,3,636.9978904146811,0.002218045263895892,0.08111770235256432,
Ag-aSi,exp2,30,4,585.7857904146833,0.002220728549699721,0.04272031994535683,
Ag-aSi,exp2,30,5,584.3343904146843,0.00221114788466307,0.05354935010037145,
Ag-aSi,exp2,30,6,603.892590414683,0.0020371400472665893,0.028136732606164207,
Ag-aSi,exp2,30,7,585.606690414683,0.0022196160707296728,0.03124654266125923,
Ag-aSi,exp2,30,8,586.0580404146837,0.0022076758103870085,0.03587088839555707,
Ag-aSi,exp2,30,9,660.6638404146821,0.0024170354682034414,0.04872531814651443,
Ag-aSi,exp2,40,1,584.9594705529099,0.0022171681618747647,0.06246459633547414,
Ag-aSi,exp2,40,10,646.663320552911,0.00226568975205948,0.07671158709946026,
Ag-aSi,exp2,40,2,582.543420552911,0.002202291517216996,0.019637450191706148,
Ag-aSi,exp2,40,3,586.2131705529114,0.0022232453939218886,0.05220614500215199,
Ag-aSi,exp2,40,4,586.691070552912,0.0022248915428292612,0.041901423283989325,
Ag-aSi,exp2,40,5,643.3303205529114,0.002381710421797143,0.03760968722154205,
Ag-aSi,exp2,40,6,710.5088705529093,0.0025442903470763102,0.055904759966926364,
Ag-aSi,exp2,40,7,586.6015205529119,0.002222732227332355,0.0074665312261357145,
Ag-aSi,exp2,40,8,583.2040205529094,0.0021844502124666924,0.015131358050972089,
Ag-aSi,exp2,40,9,586.2149705529114,0.0022193256818787894,0.04256271081142957,
Ag-aSi,exp2,50,1,588.7446006911377,0.0022198848998852276,0.03587095093099213,
Ag-aSi,exp2,50,10,610.7215506911374,0.00222706076636676,0.5020121351104757,
Ag-aSi,exp2,50,2,609.0448506911375,0.002235926354319557,0.4953906970267314,
Ag-aSi,exp2,50,3,598.4244006911362,0.0022127263419099035,0.4880451851962245,
Ag-aSi,exp2,50,4,587.0209506911377,0.0022233777685314276,0.05354782333099155,
Ag-aSi,exp2,50,5,611.4982506911371,0.002249742456305545,0.5076490182162494,
Ag-aSi,exp2,50,6,587.3773506911377,0.0022277382655714667,0.051460585421983375,
Ag-aSi,exp2,50,7,588.0343506911373,0.0022309959723203106,0.04190315468334958,
Ag-aSi,exp2,50,8,621.1461006911369,0.0022319885178849236,0.07283993802724915,
Ag-aSi,exp2,50,9,669.3178506911361,0.0022471683301373267,0.3595638940922151,
Ag-aSi,exp2,60,1,589.0815308293649,0.0022241710652938103,0.08206525327454303,
Ag-aSi,exp2,60,10,586.3240808293652,0.002220983714971621,0.46356954435825315,
Ag-aSi,exp2,60,2,586.6849808293658,0.0022101942273511825,0.013145078163526811,
Ag-aSi,exp2,60,3,587.7355808293673,0.002231154513707422,0.06310937598456143,
Ag-aSi,exp2,60,4,669.4623308293633,0.0022257070085885053,0.35694017925062793,
Ag-aSi,exp2,60,5,588.6310808293646,0.002234844581227188,0.052367600307067275,
Ag-aSi,exp2,60,6,616.040280829364,0.0023168064216026437,0.47510291708447083,
Ag-aSi,exp2,60,7,586.8640808293662,0.0022116291421713876,0.0574025387943232,
Ag-aSi,exp2,60,8,587.2009808293672,0.002223424963175191,0.06534895338636859,
Ag-aSi,exp2,60,9,588.6310808293646,0.002234844581227188,0.052367600307067275,
Ag-aSi,exp2,70,1,662.6534109675902,0.002302003918311819,0.07605636573561043,
Ag-aSi,exp2,70,10,587.648760967592,0.002223890450244033,0.008586991471119533,
Ag-aSi,exp2,70,2,590.0639109675936,0.0022399533248237146,0.051460585421983375,
Ag-aSi,exp2,70,3,585.8462109675943,0.0022209111822759646,0.07443076542012629,
Ag-aSi,exp2,70,4,629.2535109675939,0.0023258050873604095,0.5036062690227147,
Ag-aSi,exp2,70,5,589.3830609675927,0.0022145452508255696,0.46698207871099817,
Ag-aSi,exp2,70,6,644.5791609675939,0.002345415444333428,0.08141153784780482,
Ag-aSi,exp2,70,7,585.3381609675962,0.002219461960527736,0.06452496183028451,
Ag-aSi,exp2,70,8,591.8567109675942,0.0022445091118416544,0.031061984879284223,
Ag-aSi,exp2,70,9,630.5414109675917,0.002346349148347519,0.5092361608530857,
Ag-aSi,exp2,80,1,592.0641911058219,0.002249320836832794,0.04189983697533094,
Ag-aSi,exp2,80,10,585.3381911058226,0.002219547134536408,0.06452496183028451,
Ag-aSi,exp2,80,2,647.3255411058207,0.0024219688438978254,0.5114633930139475,
Ag-aSi,exp2,80,3,605.1024911058221,0.0022541234501390196,0.48456680806477775,
Ag-aSi,exp2,80,4,595.9148411058198,0.002266335077020174,0.030689773710018912,
Ag-aSi,exp2,80,5,588.1559411058204,0.002226031959087376,0.4622478761109566,
Ag-aSi,exp2,80,6,588.1559411058204,0.002226031959087376,0.4622478761109566,
Ag-aSi,exp2,80,7,650.1848411058202,0.002413075604546197,0.5126459109901385,
Ag-aSi,exp2,80,8,590.7263411058219,0.002220629881345702,0.46698207871099817,
Ag-aSi,exp2,80,9,584.1776411058228,0.00219940861336568,0.0243711276301695,
Ag-aSi,exp2,90,1,640.5436212440437,0.0022662731738246414,0.07882984289229861,
Ag-aSi,exp2,90,10,607.070071244047,0.0022394025904680782,0.03969466008056017,
Ag-aSi,exp2,90,2,589.4992212440492,0.002232113304562112,0.4622478761109566,
Ag-aSi,exp2,90,3,592.660921244049,0.0022531894575920867,0.05236516696765761,
Ag-aSi,exp2,90,4,592.9597212440493,0.0022523546240021224,0.006588861564984689,
Ag-aSi,exp2,90,5,595.4369712440468,0.0022649822027256904,0.04110045599612916,
Ag-aSi,exp2,90,6,593.8454712440504,0.002257385220595726,0.04271776180026469,
Ag-aSi,exp2,90,7,677.9795712440437,0.002357451479660112,0.37345593931402554,
Ag-aSi,exp2,90,8,592.6583712440492,0.0022325832833511383,0.47698179050654776,
Ag-aSi,exp2,90,9,663.0566712440466,0.0023698321283419266,0.05197760739213568,
AlOx-HfO2,exp1,100,1,75.36555138227665,0.04055542317314246,0.03037878105581801,
AlOx-HfO2,exp1,100,10,75.6612013822768,0.04063057816385748,0.0263629817935865,
AlOx-HfO2,exp1,100,2,75.73490138227669,0.04059629673014524,0.037695292347031374,
AlOx-HfO2,exp1,100,3,76.55695138227678,0.04208001121495219,0.04347331238025049,
AlOx-HfO2,exp1,100,4,75.21935138227691,0.04055238965890517,0.03232176567858158,
AlOx-HfO2,exp1,100,5,75.73490138227669,0.04059506863806682,0.037594800515646856,
AlOx-HfO2,exp1,100,6,76.0110513822767,0.040587588041349716,0.04399149230675877,
AlOx-HfO2,exp1,100,7,76.61340138227685,0.04214918609178952,0.03970827755571959,
AlOx-HfO2,exp1,100,8,75.76850138227687,0.04053931085235565,0.045889310650304826,
AlOx-HfO2,exp1,100,9,77.5510013822768,0.042153021322447866,0.04511925878723793,
AlOx-HfO2,exp1,10,1,75.5216301382279,0.04060686414044826,0.035171037356244564,
AlOx-HfO2,exp1,10,10,76.01078013822769,0.04058611961197537,0.043159921476930624,
AlOx-HfO2,exp1,10,2,75.66093013822749,0.04062958394915179,0.02604053098799445,
AlOx-HfO2,exp1,10,3,75.54508013822773,0.040608176717652614,0.03958934693454719,
AlOx-HfO2,exp1,10,4,77.5008801382277,0.042090943023998094,0.044336347698080134,
AlOx-HfO2,exp1,10,5,75.6182801382277,0.04058301663286969,0.03729048452137265,
AlOx-HfO2,exp1,10,6,76.01078013822769,0.040585977921054166,0.042993243306653724,
AlOx-HfO2,exp1,10,7,75.73463013822771,0.0405970975636163,0.03778510097871269,
AlOx-HfO2,exp1,10,8,75.53748013822754,0.040666595200005894,0.013599896603709796,
AlOx-HfO2,exp1,10,9,75.54508013822773,0.04060835771848153,0.039770900923482407,
AlOx-HfO2,exp1,1,1,38.80185301382282,0.018285009059630035,2.281521420616942,
AlOx-HfO2,exp1,1,10,38.80185301382282,0.01830977459809206,2.2007373264957333,
AlOx-HfO2,exp1,1,2,38.80185301382282,0.01829202975249322,2.2580413088340108,
AlOx-HfO2,exp1,1,3,38.80185301382282,0.018320249295169438,2.1664038539917247,
AlOx-HfO2,exp1,1,4,38.80185301382282,0.018243189258524785,2.4319399374874786,
AlOx-HfO2,exp1,1,5,38.80185301382282,0.018334442189759315,2.123040726809907,
AlOx-HfO2,exp1,1,6,38.80185301382282,0.01829202975249322,2.2580413088340108,
AlOx-HfO2,exp1,1,7,38.80185301382282,0.018320249295169438,2.1664038539917247,
AlOx-HfO2,exp1,1,8,38.80185301382282,0.01827800294347333,2.3060329266475446,
AlOx-HfO2,exp1,1,9,38.80185301382282,0.01829202975249322,2.2580413088340108,
AlOx-HfO2,exp1,20,1,75.21911027645531,0.04057009188145709,0.034194316435060795,
AlOx-HfO2,exp1,20,10,75.71536027645534,0.040575037159391175,0.04630412067921463,
AlOx-HfO2,exp1,20,2,75.42146027645539,0.04063023664367548,0.023663716703654605,
AlOx-HfO2,exp1,20,3,77.55076027645515,0.04214471656269247,0.0457061768423325,
AlOx-HfO2,exp1,20,4,74.80771027645537,0.038958091637929716,0.0572241327146329,
AlOx-HfO2,exp1,20,5,76.97876027645538,0.04213924454153463,0.04183265303618781,
AlOx-HfO2,exp1,20,6,75.21911027645531,0.040569899857570965,0.0339199285232037,
AlOx-HfO2,exp1,20,7,77.55076027645515,0.04209015870373812,0.04610453795418789,
AlOx-HfO2,exp1,20,8,75.6814602764552,0.04058820653932456,0.037372015545759446,
AlOx-HfO2,exp1,20,9,75.99761027645555,0.04055394047870391,0.0420005774265111,
AlOx-HfO2,exp1,30,1,74.03289041468312,0.03896642726620131,0.04480137059364606,
AlOx-HfO2,exp1,30,10,75.51854041468303,0.04060578623375574,0.038779575401122195,
AlOx-HfO2,exp1,30,2,77.55079041468308,0.04215230613482648,0.045240703448417616,
AlOx-HfO2,exp1,30,3,75.51194041468314,0.040572177438545055,0.036837796304215534,
AlOx-HfO2,exp1,30,4,75.58809041468308,0.040546313553656364,0.02804313291997794,
AlOx-HfO2,exp1,30,5,75.21914041468284,0.04055207973561136,0.03278024673184,
AlOx-HfO2,exp1,30,6,77.50094041468287,0.04209124722226721,0.04405460546472994,
AlOx-HfO2,exp1,30,7,77.55079041468308,0.04215242510438729,0.04511925878723793,
AlOx-HfO2,exp1,30,8,75.66219041468331,0.040997877757442236,0.04046490383665205,
AlOx-HfO2,exp1,30,9,75.51854041468303,0.04060619625787173,0.039372821238315904,
AlOx-HfO2,exp1,40,1,75.37532055291055,0.04055804462088696,0.03092540121166061,
AlOx-HfO2,exp1,40,10,76.97222055291067,0.04213375754638706,0.04079037595935127,
AlOx-HfO2,exp1,40,2,75.99767055291073,0.040554052450180525,0.04188513526720011,
AlOx-HfO2,exp1,40,3,75.27237055291067,0.040572629967212004,0.034700401862237246,
AlOx-HfO2,exp1,40,4,75.4478205529107,0.04065432435002688,0.015290015472825704,
AlOx-HfO2,exp1,40,5,75.52172055291064,0.04060968835138231,0.03535288041090806,
AlOx-HfO2,exp1,40,6,75.36537055291079,0.040554437708177724,0.029715422344513274,
AlOx-HfO2,exp1,40,7,75.52172055291064,0.04060485917978796,0.035079731437420235,
AlOx-HfO2,exp1,40,8,73.99637055291075,0.03896036052966801,0.045057885683355704,
AlOx-HfO2,exp1,40,9,76.01087055291083,0.040587076997297744,0.04399149230675877,
AlOx-HfO2,exp1,50,1,75.51860069113818,0.04060616643776806,0.039050395835688874,
AlOx-HfO2,exp1,50,10,75.36540069113849,0.04055482726970656,0.03015791512143608,
AlOx-HfO2,exp1,50,2,75.36540069113849,0.04055476849181057,0.030104478840410204,
AlOx-HfO2,exp1,50,3,75.80825069113854,0.04054238340516662,0.04598410927441372,
AlOx-HfO2,exp1,50,4,76.64615069113846,0.04095457032425161,0.04280274130110803,
AlOx-HfO2,exp1,50,5,75.45810069113868,0.04063461405591298,0.02378612241899623,
AlOx-HfO2,exp1,50,6,75.33890069113875,0.04057778199294724,0.03508176777293506,
AlOx-HfO2,exp1,50,7,76.6930506911384,0.042155924215564126,0.03778118938480753,
AlOx-HfO2,exp1,50,8,75.21920069113861,0.0405703474034832,0.034194316435060795,
AlOx-HfO2,exp1,50,9,73.97315069113856,0.038953517976931466,0.04528248664603752,
AlOx-HfO2,exp1,60,1,73.93988082936596,0.03896241972848612,0.04064126116968014,
AlOx-HfO2,exp1,60,10,75.68158082936617,0.04058854723535909,0.037372015545759446,
AlOx-HfO2,exp1,60,2,73.95988082936573,0.03894967368019844,0.0454276175976661,
AlOx-HfO2,exp1,60,3,77.50103082936603,0.04209238763467388,0.042893921472226225,
AlOx-HfO2,exp1,60,4,75.21923082936594,0.04057024055360575,0.0339199285232037,
AlOx-HfO2,exp1,60,5,75.66228082936604,0.04099717191287126,0.041418347462060474,
AlOx-HfO2,exp1,60,6,76.01093082936603,0.04058741598014026,0.04423188693575034,
AlOx-HfO2,exp1,60,7,75.58818082936615,0.040546747269219974,0.028187477271927514,
AlOx-HfO2,exp1,60,8,76.97888082936598,0.04213721547721744,0.04195483107185347,
AlOx-HfO2,exp1,60,9,75.42208082936601,0.04058673177690549,0.03442464533095048,
AlOx-HfO2,exp1,70,1,76.95901096759388,0.04214160958875359,0.041274721195904536,
AlOx-HfO2,exp1,70,10,77.50106096759357,0.042092708890224546,0.04256852511726067,
AlOx-HfO2,exp1,70,2,75.5452609675936,0.04060868776170442,0.03958934693454719,
AlOx-HfO2,exp1,70,3,76.97891096759372,0.04213730065122628,0.04195483107185347,
AlOx-HfO2,exp1,70,4,75.56171096759378,0.04061500907137802,0.03563645421679301,
AlOx-HfO2,exp1,70,5,76.0109609675939,0.040586630656027176,0.043159921476930624,
AlOx-HfO2,exp1,70,6,75.55196096759381,0.04057807932605872,0.03708979447307154,
AlOx-HfO2,exp1,70,7,76.0109609675939,0.04058696594327394,0.04358514934201902,
AlOx-HfO2,exp1,70,8,75.74181096759384,0.040535003433199,0.045708898621933364,
AlOx-HfO2,exp1,70,9,75.80831096759361,0.040542553753183795,0.04598410927441372,
AlOx-HfO2,exp1,80,1,76.71974110582137,0.04216098586130614,0.03663968872011141,
AlOx-HfO2,exp1,80,10,76.97894110582152,0.04213738582523478,0.04195483107185347,
AlOx-HfO2,exp1,80,2,75.44794110582137,0.04065432752970973,0.015765585014528564,
AlOx-HfO2,exp1,80,3,75.5882411058213,0.04054703116341283,0.028306376234715915,
AlOx-HfO2,exp1,80,4,75.21929110582138,0.040552505605654654,0.03278024673184,
AlOx-HfO2,exp1,80,5,75.60884110582138,0.04052774809828138,0.044934149233379884,
AlOx-HfO2,exp1,80,6,75.2990911058213,0.04057507101111287,0.034963081980198374,
AlOx-HfO2,exp1,80,7,75.36549110582145,0.040555082791732845,0.03015791512143608,
AlOx-HfO2,exp1,80,8,75.21929110582138,0.04055233698855318,0.03249710272089014,
AlOx-HfO2,exp1,80,9,76.01099110582152,0.040587114923786624,0.04366605435770958,
AlOx-HfO2,exp1,90,1,75.69497124404931,0.040590374234076396,0.03747437712717639,
AlOx-HfO2,exp1,90,10,76.6399712440492,0.0421519622967941,0.03893457311888701,
AlOx-HfO2,exp1,90,2,75.66237124404918,0.0409980826759362,0.04082857773102799,
AlOx-HfO2,exp1,90,3,75.37547124404905,0.04056213848540651,0.031089697194559847,
AlOx-HfO2,exp1,90,4,75.51212124404901,0.04057377696220593,0.03693681192546943,
AlOx-HfO2,exp1,90,5,75.51872124404916,0.04060670730192403,0.039372821238315904,
AlOx-HfO2,exp1,90,6,77.55097124404915,0.04215269633720699,0.04537449181638356,
AlOx-HfO2,exp1,90,7,75.58827124404897,0.04054722567850869,0.02850115633098544,
AlOx-HfO2,exp1,90,8,75.66117124404897,0.04063032387436041,0.026141686060410743,
AlOx-HfO2,exp1,90,9,75.51872124404916,0.04060664165633113,0.03928089769401922,
AlOx-HfO2,exp2,100,1,91.22340138227624,0.04309382333356033,0.16030375998209284,
AlOx-HfO2,exp2,100,10,91.49205138227644,0.04321152111021376,0.10415795990351055,
AlOx-HfO2,exp2,100,2,91.24330138227612,0.043121785053362297,0.18739801870377043,
AlOx-HfO2,exp2,100,3,91.56170138227617,0.0432133058776648,0.08125540613388949,
AlOx-HfO2,exp2,100,4,91.49205138227644,0.04321302298050104,0.1102926725160798,
AlOx-HfO2,exp2,100,5,91.20350138227651,0.043125842124202805,0.19708277505669278,
AlOx-HfO2,exp2,100,6,91.22340138227624,0.043140079718341405,0.210611930701394,
AlOx-HfO2,exp2,100,7,91.6612013822764,0.043211151117768264,0.02106153426187609,
AlOx-HfO2,exp2,100,8,91.49205138227644,0.043187131910470994,0.09684533672176335,
AlOx-HfO2,exp2,100,9,91.56170138227617,0.04321345309643486,0.08174517062740329,
AlOx-HfO2,exp2,10,1,91.82013013822775,0.04327073819047956,0.055509311226345115,
AlOx-HfO2,exp2,10,10,91.37238013822747,0.04314738927862397,0.12096108650409709,
AlOx-HfO2,exp2,10,2,91.70073013822748,0.0432246825201339,0.022778882724625804,
AlOx-HfO2,exp2,10,3,91.37238013822747,0.0431475185916336,0.12177208686439202,
AlOx-HfO2,exp2,10,4,91.34253013822784,0.04314777848007571,0.14993020004153162,
AlOx-HfO2,exp2,10,5,91.49178013822758,0.04321216345474743,0.10973172263819143,
AlOx-HfO2,exp2,10,6,91.5514801382274,0.04317887450822049,0.06214561217242223,
AlOx-HfO2,exp2,10,7,91.20323013822737,0.04312535763334789,0.1978040311869819,
AlOx-HfO2,exp2,10,8,91.34253013822784,0.04314766827015395,0.14991118839649717,
AlOx-HfO2,exp2,10,9,91.20323013822737,0.043125616376221816,0.19860702384586315,
AlOx-HfO2,exp2,1,1,37.7644530138227,0.012433547159302777,1.01659217764755,
AlOx-HfO2,exp2,1,10,37.7644530138227,0.012473215052198314,1.0169810645593313,
AlOx-HfO2,exp2,1,2,37.7644530138227,0.01240902180116801,1.0163884313445506,
AlOx-HfO2,exp2,1,3,37.7644530138227,0.01240902180116801,1.0163884313445506,
AlOx-HfO2,exp2,1,4,37.7644530138227,0.012379872108114537,1.016276315320175,
AlOx-HfO2,exp2,1,5,37.7644530138227,0.012394408209842556,1.0161785708082158,
AlOx-HfO2,exp2,1,6,37.7644530138227,0.01240414323667508,1.0164769979208197,
AlOx-HfO2,exp2,1,7,37.7644530138227,0.012438478186447952,1.016466722987601,
AlOx-HfO2,exp2,1,8,37.7644530138227,0.01240414323667508,1.0164769979208197,
AlOx-HfO2,exp2,1,9,37.7644530138227,0.012428625118400483,1.0164226940789851,
AlOx-HfO2,exp2,20,1,91.56146027645515,0.04320575915004289,0.07583805472480384,
AlOx-HfO2,exp2,20,10,91.8699102764556,0.04327269487617472,0.5674705447432967,
AlOx-HfO2,exp2,20,2,91.23311027645533,0.04314274590083938,0.21301442387004083,
AlOx-HfO2,exp2,20,3,91.21321027645497,0.04307840787681561,0.17420586509416883,
AlOx-HfO2,exp2,20,4,91.36246027645556,0.043135916511691734,0.12516033208491298,
AlOx-HfO2,exp2,20,5,91.56146027645515,0.04321235956144596,0.08021356297633586,
AlOx-HfO2,exp2,20,6,91.24306027645544,0.04318973718617782,0.2217774906910763,
AlOx-HfO2,exp2,20,7,91.48186027645518,0.04318007112144914,0.09435592690729656,
AlOx-HfO2,exp2,20,8,91.22316027645508,0.04309300055541553,0.15997873306099986,
AlOx-HfO2,exp2,20,9,91.26296027645547,0.043125329728452906,0.1854833277764796,
AlOx-HfO2,exp2,30,1,91.4122404146829,0.0431743503543539,0.1383626810717723,
AlOx-HfO2,exp2,30,10,91.55154041468339,0.043158783978827504,0.044137219693946635,
AlOx-HfO2,exp2,30,2,91.4122404146829,0.04317355120924618,0.13566687574118022,
AlOx-HfO2,exp2,30,3,91.22319041468258,0.04309336269517926,0.16049246847071366,
AlOx-HfO2,exp2,30,4,91.22319041468258,0.04309308572942384,0.15997873306099986,
AlOx-HfO2,exp2,30,5,91.55154041468339,0.043159460326696396,0.04718070793814256,
AlOx-HfO2,exp2,30,6,91.34259041468283,0.043147838618171126,0.14991118839649717,
AlOx-HfO2,exp2,30,7,91.55154041468339,0.0431784822597222,0.05969781990435134,
AlOx-HfO2,exp2,30,8,91.37244041468317,0.04314793008091539,0.12234135694873406,
AlOx-HfO2,exp2,30,9,91.34259041468283,0.04314815174213829,0.1506932359049861,
AlOx-HfO2,exp2,40,1,91.84012055291045,0.04326967909909642,0.5401627770067607,
AlOx-HfO2,exp2,40,10,91.59137055291048,0.043161372342988426,0.031711927109720685,
AlOx-HfO2,exp2,40,2,91.21327055291081,0.04307870474453237,0.17454958949874322,
AlOx-HfO2,exp2,40,3,91.23317055291018,0.043179762269197515,0.2189862153289368,
AlOx-HfO2,exp2,40,4,91.34262055291053,0.043147424742870914,0.1473176108337543,
AlOx-HfO2,exp2,40,5,91.4719705529109,0.04317680313283392,0.09197783043355547,
AlOx-HfO2,exp2,40,6,91.28292055291068,0.043202102052011686,0.2333009597294456,
AlOx-HfO2,exp2,40,7,91.4122705529104,0.04316858411083419,0.1322006964545291,
AlOx-HfO2,exp2,40,8,91.55157055291087,0.043180054508145715,0.0661230054443785,
AlOx-HfO2,exp2,40,9,91.55157055291087,0.04317970213995115,0.06417675573915531,
AlOx-HfO2,exp2,50,1,91.22325069113842,0.04317938625599133,0.2295906709384174,
AlOx-HfO2,exp2,50,10,91.22325069113842,0.043093662817411484,0.16165922634747054,
AlOx-HfO2,exp2,50,2,91.48195069113851,0.04317804028299571,0.09254671480849089,
AlOx-HfO2,exp2,50,3,91.55160069113838,0.043179461565150117,0.06314342139236256,
AlOx-HfO2,exp2,50,4,91.34265069113818,0.04314764340004593,0.14807733185669988,
AlOx-HfO2,exp2,50,5,91.37250069113816,0.043148760217112815,0.1247360567691931,
AlOx-HfO2,exp2,50,6,91.59140069113798,0.04316056990950304,0.027727742433490427,
AlOx-HfO2,exp2,50,7,91.21330069113844,0.043079734367531985,0.17728970476007547,
AlOx-HfO2,exp2,50,8,91.55160069113838,0.04316070504124578,0.051618650128613414,
AlOx-HfO2,exp2,50,9,91.47200069113853,0.0431768883068424,0.09197783043355547,
AlOx-HfO2,exp2,60,1,91.24318082936627,0.043188520164803824,0.22134728503158352,
AlOx-HfO2,exp2,60,10,91.37253082936566,0.043147239709872214,0.11863261684587553,
AlOx-HfO2,exp2,60,2,91.22328082936605,0.043094208928865375,0.16331124305399872,
AlOx-HfO2,exp2,60,3,91.37253082936566,0.04314818560294132,0.12234135694873406,
AlOx-HfO2,exp2,60,4,91.25313082936553,0.043196699658591686,0.23331232794004553,
AlOx-HfO2,exp2,60,5,91.55163082936586,0.04318014556176339,0.06608846757755103,
AlOx-HfO2,exp2,60,6,91.24318082936627,0.04312424826779274,0.1866830028541774,
AlOx-HfO2,exp2,60,7,91.56158082936598,0.04321317717270439,0.08202255243146368,
AlOx-HfO2,exp2,60,8,91.49193082936611,0.04319013309162068,0.0977862637155242,
AlOx-HfO2,exp2,60,9,91.49193082936611,0.04321203655992609,0.10783455471369148,
AlOx-HfO2,exp2,70,1,91.34271096759366,0.043148289524127414,0.14993020004153162,
AlOx-HfO2,exp2,70,10,91.55166096759358,0.043179957661976805,0.06417675573915531,
AlOx-HfO2,exp2,70,2,91.26311096759379,0.04312813455669891,0.18540785121139047,
AlOx-HfO2,exp2,70,3,91.49196096759376,0.04321185967570872,0.10681746258298322,
AlOx-HfO2,exp2,70,4,91.20341096759338,0.04312573055389176,0.19733302797808977,
AlOx-HfO2,exp2,70,5,91.41236096759388,0.043174526421043746,0.13809669930000987,
AlOx-HfO2,exp2,70,6,91.59146096759382,0.04316151854761352,0.03115755981719975,
AlOx-HfO2,exp2,70,7,91.60141096759372,0.04314522748870511,0.015852865134959773,
AlOx-HfO2,exp2,70,8,91.21336096759329,0.04307870142118272,0.17348866043336034,
AlOx-HfO2,exp2,70,9,91.82031096759343,0.043272092671856124,0.05199209108597823,
AlOx-HfO2,exp2,80,1,91.7606411058214,0.04324528492769325,0.03682286620337687,
AlOx-HfO2,exp2,80,10,91.70094110582131,0.043226443915041615,0.017609793818170336,
AlOx-HfO2,exp2,80,2,91.70094110582131,0.04322651454576253,0.016957081648526048,
AlOx-HfO2,exp2,80,3,91.4919911058211,0.043212445586798306,0.10863544801958151,
AlOx-HfO2,exp2,80,4,91.75069110582116,0.04323783002090496,0.03787531565463161,
AlOx-HfO2,exp2,80,5,91.41239110582123,0.04317461159505244,0.13809669930000987,
AlOx-HfO2,exp2,80,6,91.34274110582136,0.043148374698136344,0.14993020004153162,
AlOx-HfO2,exp2,80,7,91.20344110582103,0.043125521994956714,0.1967651227999011,
AlOx-HfO2,exp2,80,8,91.4919911058211,0.043212660841832416,0.10947948042463476,
AlOx-HfO2,exp2,80,9,91.5516911058212,0.04317971708717623,0.06314342139236256,
AlOx-HfO2,exp2,90,1,91.82037124404877,0.04327170240981378,0.054167935237423796,
AlOx-HfO2,exp2,90,10,91.21342124404863,0.043079366196017925,0.17560255423820506,
AlOx-HfO2,exp2,90,2,91.22337124404875,0.043094003513446326,0.16165922634747054,
AlOx-HfO2,exp2,90,3,91.56167124404882,0.043212749828828605,0.07943099532027946,
AlOx-HfO2,exp2,90,4,91.55172124404855,0.04315929502287927,0.044137219693946635,
AlOx-HfO2,exp2,90,5,91.4920212440486,0.04321318140626225,0.11097210938761663,
AlOx-HfO2,exp2,90,6,91.41242124404873,0.04317493489820088,0.1383224920804491,
AlOx-HfO2,exp2,90,7,91.4920212440486,0.043213024890644415,0.11045400192165913,
AlOx-HfO2,exp2,90,8,91.48207124404884,0.04317838097903031,0.09254671480849089,
AlOx-HfO2,exp2,90,9,91.56167124404882,0.04321369726351705,0.0829669780712621,
EpiRAM,exp1,100,1,13.846918882276091,0.048370271239252596,0.004156951642082273,
EpiRAM,exp1,100,10,13.86683388227603,0.04844407834415019,0.004340832375065037,
EpiRAM,exp1,100,2,13.890911382276089,0.048505678891218984,0.003739157075705183,
EpiRAM,exp1,100,3,13.850573882276045,0.04837008252164175,0.004267083813297062,
EpiRAM,exp1,100,4,13.850076382276118,0.04837352709198398,0.00423344883702133,
EpiRAM,exp1,100,5,13.8645088822761,0.04844018620378535,0.004225479656938755,
EpiRAM,exp1,100,6,13.858193882276089,0.04843285306883039,0.003878928531568124,
EpiRAM,exp1,100,7,13.850076382276118,0.04837352709198398,0.00423344883702133,
EpiRAM,exp1,100,8,13.851238882276142,0.04837721016232526,0.0043381393582728025,
EpiRAM,exp1,100,9,13.859016382276142,0.048458509898074265,0.003552899316529388,
EpiRAM,exp1,10,1,13.843490138227601,0.04836119123067132,0.003906660179986299,
EpiRAM,exp1,10,10,13.84664763822763,0.048363640732408,0.004016090310378071,
EpiRAM,exp1,10,2,13.850302638227657,0.048369085552863615,0.0042090412248765065,
EpiRAM,exp1,10,3,13.870212638227612,0.048470883636145164,0.004147326917318346,
EpiRAM,exp1,10,4,13.863740138227659,0.04843674171366731,0.0041878119243919055,
EpiRAM,exp1,10,5,13.847642638227613,0.04836635823720978,0.004078030548627375,
EpiRAM,exp1,10,6,13.843667638227647,0.04834613194484953,0.004341048104941699,
EpiRAM,exp1,10,7,13.870212638227612,0.048470883636145164,0.004147326917318346,
EpiRAM,exp1,10,8,13.885487638227605,0.04851036715607185,0.003903513281093266,
EpiRAM,exp1,10,9,13.857922638227583,0.04843208650275245,0.003878928531568124,
EpiRAM,exp1,1,1,12.428405513822732,0.04459124937491317,0.0696338131864287,
EpiRAM,exp1,1,10,12.428405513822732,0.04459719875239267,0.06954475828485036,
EpiRAM,exp1,1,2,12.428405513822732,0.04461564593174595,0.06918261237549304,
EpiRAM,exp1,1,3,12.428405513822732,0.04462844743069051,0.06910088828743938,
EpiRAM,exp1,1,4,12.428405513822732,0.04458539927601166,0.06981897412594756,
EpiRAM,exp1,1,5,12.428405513822732,0.04458539927601166,0.06981897412594756,
EpiRAM,exp1,1,6,12.428405513822732,0.04459719875239267,0.06954475828485036,
EpiRAM,exp1,1,7,12.428405513822732,0.04460324772632729,0.06940743067238032,
EpiRAM,exp1,1,8,12.428405513822732,0.04457964804505745,0.06985590091327543,
EpiRAM,exp1,1,9,12.428405513822732,0.04459124937491317,0.0696338131864287,
EpiRAM,exp1,20,1,13.888177776455267,0.048511695820385864,0.003942178474075221,
EpiRAM,exp1,20,10,13.884852776455242,0.04850978907314314,0.0037950945433204743,
EpiRAM,exp1,20,2,13.843520276455216,0.04836127640468003,0.003906660179986299,
EpiRAM,exp1,20,3,13.843697776455247,0.048346217118858247,0.004341048104941699,
EpiRAM,exp1,20,4,13.850332776455259,0.04836917072687206,0.0042090412248765065,
EpiRAM,exp1,20,5,13.86377027645526,0.048436826887675755,0.0041878119243919055,
EpiRAM,exp1,20,6,13.86377027645526,0.048436826887675755,0.0041878119243919055,
EpiRAM,exp1,20,7,13.870242776455212,0.04847096881015409,0.004147326917318346,
EpiRAM,exp1,20,8,13.864922776455183,0.04847000550176028,0.003944720934041669,
EpiRAM,exp1,20,9,13.86377027645526,0.048436826887675755,0.0041878119243919055,
EpiRAM,exp1,30,1,13.884385414682862,0.048506891263099226,0.003706482598727478,
EpiRAM,exp1,30,10,13.870770414682859,0.048472509093903354,0.004225587794397494,
EpiRAM,exp1,30,2,13.856510414682804,0.048377409961015846,0.004451841457980466,
EpiRAM,exp1,30,3,13.864952914682798,0.048470090675769205,0.003944720934041669,
EpiRAM,exp1,30,4,13.852687914682798,0.04837330634956487,0.004350144288252881,
EpiRAM,exp1,30,5,13.864952914682798,0.048470090675769205,0.003944720934041669,
EpiRAM,exp1,30,6,13.890202914682805,0.04851220062702716,0.004145497406684145,
EpiRAM,exp1,30,7,13.834265414682875,0.048324623182325784,0.00436726593869668,
EpiRAM,exp1,30,8,13.863622914682827,0.04846938198359588,0.0039122524986162505,
EpiRAM,exp1,30,9,13.885547914682766,0.048510537504089,0.003903513281093266,
EpiRAM,exp1,40,1,13.829640552910424,0.04832351292929707,0.0040432248316008,
EpiRAM,exp1,40,10,13.912808052910401,0.048572439078687364,0.003927867787164139,
EpiRAM,exp1,40,2,13.848743052910436,0.048349073244233355,0.004484453155232894,
EpiRAM,exp1,40,3,13.849895552910478,0.048373016047932066,0.00423344883702133,
EpiRAM,exp1,40,4,13.843580552910481,0.0483614467526974,0.003906660179986299,
EpiRAM,exp1,40,5,13.861170552910492,0.048434449901358846,0.00400008484780057,
EpiRAM,exp1,40,6,13.852398052910464,0.04835572937183665,0.004517091597546348,
EpiRAM,exp1,40,7,13.845265552910409,0.04833153518889948,0.004608020211144179,
EpiRAM,exp1,40,8,13.906000552910472,0.04855689779316021,0.0035956592180435222,
EpiRAM,exp1,40,9,13.864983052910464,0.04847017584977767,0.003944720934041669,
EpiRAM,exp1,50,1,13.885608191138086,0.04851070785210637,0.003903513281093266,
EpiRAM,exp1,50,10,13.843610691138082,0.04836153192670627,0.003906660179986299,
EpiRAM,exp1,50,2,13.839798191138067,0.04834540243985862,0.004167196503105365,
EpiRAM,exp1,50,3,13.866683191138003,0.048443652474107354,0.004340832375065037,
EpiRAM,exp1,50,4,13.863860691138019,0.048437082409701855,0.0041878119243919055,
EpiRAM,exp1,50,5,13.888268191138016,0.048511951342411944,0.003942178474075221,
EpiRAM,exp1,50,6,13.846270691138008,0.04836976135830653,0.004122986479349066,
EpiRAM,exp1,50,7,13.863018191138114,0.0484693305934025,0.003777642784398513,
EpiRAM,exp1,50,8,13.839798191138067,0.048345379320591166,0.004247993260166083,
EpiRAM,exp1,50,9,13.839798191138067,0.0483454480505278,0.004048381905864416,
EpiRAM,exp1,60,1,13.85807332936561,0.04843251237279587,0.003878928531568124,
EpiRAM,exp1,60,10,13.846798329365667,0.048364066602451454,0.004016090310378071,
EpiRAM,exp1,60,2,13.872023329365655,0.04847644983023846,0.004337296561210197,
EpiRAM,exp1,60,3,13.851118329365718,0.04837686946629073,0.0043381393582728025,
EpiRAM,exp1,60,4,13.88447582936561,0.04850714678512485,0.003706482598727478,
EpiRAM,exp1,60,5,13.863890829365685,0.04843716758371072,0.0041878119243919055,
EpiRAM,exp1,60,6,13.84630082936573,0.04836984653231545,0.004122986479349066,
EpiRAM,exp1,60,7,13.863890829365685,0.04843716758371072,0.0041878119243919055,
EpiRAM,exp1,60,8,13.88447582936561,0.04850714678512485,0.003706482598727478,
EpiRAM,exp1,60,9,13.850453329365683,0.04836951142290661,0.0042090412248765065,
EpiRAM,exp1,70,1,13.839858467593213,0.04834554966860832,0.004247993260166083,
EpiRAM,exp1,70,10,13.847823467593239,0.04836686928126169,0.004078030548627375,
EpiRAM,exp1,70,2,13.888328467593293,0.048512097704944905,0.004041396120838901,
EpiRAM,exp1,70,3,13.84998596759324,0.048373271569958305,0.00423344883702133,
EpiRAM,exp1,70,4,13.906095967593336,0.04855113742237124,0.004006791727882004,
EpiRAM,exp1,70,5,13.867733467593313,0.0484709481121449,0.004029362104314808,
EpiRAM,exp1,70,6,13.852488467593211,0.04835598489386248,0.004517091597546348,
EpiRAM,exp1,70,7,13.846828467593213,0.048370015717226704,0.004156951642082273,
EpiRAM,exp1,70,8,13.908588467593212,0.0485539619629593,0.004106198511795882,
EpiRAM,exp1,70,9,13.860620967593304,0.04838702463526082,0.004610688104101826,
EpiRAM,exp1,80,1,13.85799110582092,0.04837885723337687,0.004560329312400435,
EpiRAM,exp1,80,10,13.854178605820891,0.04836215471877445,0.0046095390863874755,
EpiRAM,exp1,80,2,13.89199860582087,0.04854105035785698,0.0034104139690538417,
EpiRAM,exp1,80,3,13.85001610582096,0.04837335674396661,0.00423344883702133,
EpiRAM,exp1,80,4,13.888358605820894,0.04851220686443799,0.003942178474075221,
EpiRAM,exp1,80,5,13.865103605820943,0.04847051654581268,0.003944720934041669,
EpiRAM,exp1,80,6,13.863773605820853,0.04846980785363933,0.0039122524986162505,
EpiRAM,exp1,80,7,13.856661105820846,0.048377835831058674,0.004451841457980466,
EpiRAM,exp1,80,8,13.85001610582096,0.04837335674396661,0.00423344883702133,
EpiRAM,exp1,80,9,13.852838605820823,0.04837373221960828,0.004350144288252881,
EpiRAM,exp1,90,1,13.905491244048514,0.04855120832667587,0.003899424997458698,
EpiRAM,exp1,90,10,13.855538744048465,0.048363302053051074,0.004731563826376318,
EpiRAM,exp1,90,2,13.88456624404849,0.048507402307150935,0.003706482598727478,
EpiRAM,exp1,90,3,13.912958744048439,0.04857286494873083,0.003927867787164139,
EpiRAM,exp1,90,4,13.846391244048489,0.04837010205434153,0.004122986479349066,
EpiRAM,exp1,90,5,13.876921244048518,0.048501934756753205,0.0034899651196391725,
EpiRAM,exp1,90,6,13.885728744048512,0.04851104854814134,0.003903513281093266,
EpiRAM,exp1,90,7,13.86380374404853,0.04846989302764777,0.0039122524986162505,
EpiRAM,exp1,90,8,13.86380374404853,0.04846989302764777,0.0039122524986162505,
EpiRAM,exp1,90,9,13.861321244048517,0.04843487577140233,0.00400008484780057,
EpiRAM,exp2,100,1,14.30376888227611,0.033951829813532314,0.008416830612455744,
EpiRAM,exp2,100,10,14.34131388227614,0.03401665206903848,0.00855092993112765,
EpiRAM,exp2,100,2,14.299951382276099,0.0339415867713375,0.007439227046188467,
EpiRAM,exp2,100,3,14.323058882276085,0.033941993185015534,0.007431064688861385,
EpiRAM,exp2,100,4,14.342308882276122,0.03402106716116154,0.009489461456898957,
EpiRAM,exp2,100,5,14.301778882276103,0.033941812882540626,0.008297790451791439,
EpiRAM,exp2,100,6,14.368548882276052,0.034089455012356995,0.008265307002042633,
EpiRAM,exp2,100,7,14.340816382276097,0.03401370589377936,0.008574904850494534,
EpiRAM,exp2,100,8,14.34131388227614,0.03401665206903848,0.00855092993112765,
EpiRAM,exp2,100,9,14.301281382276056,0.03394171496321395,0.00825405193257468,
EpiRAM,exp2,10,1,14.369272638227585,0.034091751545958004,0.008449802324747796,
EpiRAM,exp2,10,10,14.32378263822755,0.033946158851099355,0.008321679768081824,
EpiRAM,exp2,10,2,14.299680138227583,0.03394082020525941,0.007439227046188467,
EpiRAM,exp2,10,3,14.33822013822765,0.03400648167428747,0.007644417404525267,
EpiRAM,exp2,10,4,14.281902638227605,0.03391463751469207,0.008271740748521238,
EpiRAM,exp2,10,5,14.404660138227609,0.03413808753331476,0.007160930196839186,
EpiRAM,exp2,10,6,14.345022638227595,0.034046940956821176,0.007931736009260417,
EpiRAM,exp2,10,7,14.273770138227576,0.03389420124182792,0.007833871390857412,
EpiRAM,exp2,10,8,14.303995138227647,0.033954154116474886,0.009215191139777737,
EpiRAM,exp2,10,9,14.261322638227554,0.03384922008613977,0.007889158669573593,
EpiRAM,exp2,1,1,12.159080513822751,0.03013247226373731,0.41515250063299336,
EpiRAM,exp2,1,10,12.159080513822751,0.03013247226373731,0.41515250063299336,
EpiRAM,exp2,1,2,12.159080513822751,0.030139395068003907,0.41516164061538285,
EpiRAM,exp2,1,3,12.159080513822751,0.03012563652399698,0.4157084270865876,
EpiRAM,exp2,1,4,12.159080513822751,0.03012563652399698,0.4157084270865876,
EpiRAM,exp2,1,5,12.159080513822751,0.03011888745685722,0.41572167668111554,
EpiRAM,exp2,1,6,12.159080513822751,0.03012563652399698,0.4157084270865876,
EpiRAM,exp2,1,7,12.159080513822751,0.03012563652399698,0.4157084270865876,
EpiRAM,exp2,1,8,12.159080513822751,0.030099156824633842,0.4168753082607944,
EpiRAM,exp2,1,9,12.159080513822751,0.030139395068003907,0.41516164061538285,
EpiRAM,exp2,20,1,14.34206777645522,0.03403427003358074,0.007766360771558005,
EpiRAM,exp2,20,10,14.397380276455184,0.034130551284632465,0.0076480844193296295,
EpiRAM,exp2,20,2,14.273800276455244,0.03389427730071268,0.007955635690910345,
EpiRAM,exp2,20,3,14.281932776455212,0.03391471342411564,0.00827568255410818,
EpiRAM,exp2,20,4,14.409005276455222,0.034148532353556714,0.008099543574181828,
EpiRAM,exp2,20,5,14.273800276455244,0.03389427730071268,0.007955635690910345,
EpiRAM,exp2,20,6,14.341072776455238,0.03401597067696923,0.00855092993112765,
EpiRAM,exp2,20,7,14.302532776455179,0.03394658977944332,0.008417765305097663,
EpiRAM,exp2,20,8,14.281932776455212,0.03391472268870072,0.008271740748521238,
EpiRAM,exp2,20,9,14.368307776455152,0.03408877362028777,0.008265307002042633,
EpiRAM,exp2,30,1,14.346412914682888,0.03404721930205795,0.008646501739250174,
EpiRAM,exp2,30,10,14.346412914682888,0.03404721930205795,0.008646501739250174,
EpiRAM,exp2,30,2,14.30156791468281,0.03394121666448003,0.008297790451791439,
EpiRAM,exp2,30,3,14.342097914682823,0.03403435520758937,0.007766360771558005,
EpiRAM,exp2,30,4,14.30156791468281,0.03394121666448003,0.008297790451791439,
EpiRAM,exp2,30,5,14.282957914682902,0.03391590766558667,0.008911776113028515,
EpiRAM,exp2,30,6,14.323842914682832,0.03394412838005988,0.007432986088288505,
EpiRAM,exp2,30,7,14.321020414682847,0.03393926672640446,0.007361171577325749,
EpiRAM,exp2,30,8,14.299740414682857,0.033940999408837526,0.007439240378566857,
EpiRAM,exp2,30,9,14.340605414682793,0.034012092208362515,0.007953225990762028,
EpiRAM,exp2,40,1,14.323873052910434,0.033944213554068715,0.007432986088288505,
EpiRAM,exp2,40,10,14.346940552910409,0.034048264869415985,0.008644656408149895,
EpiRAM,exp2,40,2,14.34063555291047,0.03401421211103024,0.008547050272954129,
EpiRAM,exp2,40,3,14.302095552910453,0.03394403118893886,0.00831104370538413,
EpiRAM,exp2,40,4,14.302095552910453,0.03394403118893886,0.00831104370538413,
EpiRAM,exp2,40,5,14.323873052910434,0.033946414373125365,0.008321679768081824,
EpiRAM,exp2,40,6,14.34013805291041,0.03401052607207432,0.007939006179363295,
EpiRAM,exp2,40,7,14.34644305291049,0.03404731446795613,0.008692626165616857,
EpiRAM,exp2,40,8,14.299770552910458,0.033941101605905584,0.007329021769364365,
EpiRAM,exp2,40,9,14.323873052910434,0.033946404365627215,0.008325626313537636,
EpiRAM,exp2,50,1,14.341163191137994,0.034016226198995275,0.00855092993112765,
EpiRAM,exp2,50,10,14.397470691138057,0.03413079675124349,0.007797448932788031,
EpiRAM,exp2,50,2,14.340665691138065,0.03401328002373614,0.008574904850494534,
EpiRAM,exp2,50,3,14.39514569113812,0.034126090095779715,0.007021783396484555,
EpiRAM,exp2,50,4,14.302125691138,0.03394411636294751,0.00831104370538413,
EpiRAM,exp2,50,5,14.346473191138037,0.03404738965007528,0.008646501739250174,
EpiRAM,exp2,50,6,14.340665691138065,0.03401328002373614,0.008574904850494534,
EpiRAM,exp2,50,7,14.325395691138057,0.033952856571167096,0.008608450501739752,
EpiRAM,exp2,50,8,14.32390319113803,0.033946489539635846,0.008325626313537636,
EpiRAM,exp2,50,9,14.322908191138005,0.033941567314972325,0.007431064688861385,
EpiRAM,exp2,60,1,14.282053329365642,0.03391505412015028,0.00827568255410818,
EpiRAM,exp2,60,10,14.282053329365642,0.03391505412015028,0.00827568255410818,
EpiRAM,exp2,60,2,14.280723329365673,0.0339149439477509,0.008032428030557393,
EpiRAM,exp2,60,3,14.323933329365587,0.03394658472114257,0.008321679768081824,
EpiRAM,exp2,60,4,14.39617082936569,0.03412917400146384,0.0075727023630365415,
EpiRAM,exp2,60,5,14.301658329365674,0.0339414721865059,0.008297790451791439,
EpiRAM,exp2,60,6,14.346503329365644,0.034047474824083906,0.008646501739250174,
EpiRAM,exp2,60,7,14.301160829365632,0.033941374267179296,0.00825405193257468,
EpiRAM,exp2,60,8,14.321110829365722,0.03393952224843051,0.007361171577325749,
EpiRAM,exp2,60,9,14.336878329365657,0.03399958966305673,0.007629958211700866,
EpiRAM,exp2,70,1,14.32396346759331,0.03394666989515151,0.008321679768081824,
EpiRAM,exp2,70,10,14.302683467593202,0.03394701564948661,0.008417765305097663,
EpiRAM,exp2,70,2,14.346533467593192,0.034047559998092475,0.008646501739250174,
EpiRAM,exp2,70,3,14.340725967593215,0.03401243290439722,0.007953225990762028,
EpiRAM,exp2,70,4,14.368458467593308,0.034089199490331235,0.008265307002042633,
EpiRAM,exp2,70,5,14.346533467593192,0.03404757975109674,0.008681775581539776,
EpiRAM,exp2,70,6,14.303678467593228,0.033951574291506297,0.008416830612455744,
EpiRAM,exp2,70,7,14.340725967593215,0.03401243290439722,0.007953225990762028,
EpiRAM,exp2,70,8,14.340725967593215,0.03401243290439722,0.007953225990762028,
EpiRAM,exp2,70,9,14.303678467593228,0.033951574291506297,0.008416830612455744,
EpiRAM,exp2,80,1,14.321171105820872,0.033939701452669425,0.0073887838222669805,
EpiRAM,exp2,80,10,14.34224860582085,0.034019671405624376,0.008913462571105112,
EpiRAM,exp2,80,2,14.397561105820813,0.03413106232868418,0.0076480844193296295,
EpiRAM,exp2,80,3,14.323993605820911,0.033946755069160076,0.008321679768081824,
EpiRAM,exp2,80,4,14.321171105820872,0.033939701452669425,0.0073887838222669805,
EpiRAM,exp2,80,5,14.346563605820913,0.03404764517210141,0.008646501739250174,
EpiRAM,exp2,80,6,14.303708605820905,0.033951659465514976,0.008416830612455744,
EpiRAM,exp2,80,7,14.340258605820889,0.03401086676810903,0.007939006179363295,
EpiRAM,exp2,80,8,14.301221105820906,0.03394154461519662,0.00825405193257468,
EpiRAM,exp2,80,9,14.304206105820835,0.033954750334535676,0.009215191139777737,
EpiRAM,exp2,90,1,14.324023744048459,0.033944639424112,0.007432986088288505,
EpiRAM,exp2,90,10,14.261066244048527,0.03384954863534095,0.006947675000775286,
EpiRAM,exp2,90,2,14.323028744048482,0.033941908011006966,0.007431064688861385,
EpiRAM,exp2,90,3,14.340786244048497,0.03401463798107358,0.008547050272954129,
EpiRAM,exp2,90,4,14.30274374404854,0.03394718599750398,0.008417765305097663,
EpiRAM,exp2,90,5,14.369513744048485,0.03409243293802731,0.008449802324747796,
EpiRAM,exp2,90,6,14.340288744048447,0.034010951942117784,0.007939006179363295,
EpiRAM,exp2,90,7,14.32402374404846,0.033944639424112,0.007432986088288505,
EpiRAM,exp2,90,8,14.301251244048455,0.03394162978920527,0.00825405193257468,
EpiRAM,exp2,90,9,14.345263744048504,0.03404762234889048,0.007931736009260417,
TaOx-HfOx,exp1,100,1,0.08844490727617252,2.877967060953378e-05,0.03729635258305873,
TaOx-HfOx,exp1,100,10,0.0885412072761728,2.880671657450295e-05,0.037264885750945276,
TaOx-HfOx,exp1,100,2,0.08859430727617328,2.8818336851600013e-05,0.03690890028694594,
TaOx-HfOx,exp1,100,3,0.0885412072761728,2.880671657450295e-05,0.037264885750945276,
TaOx-HfOx,exp1,100,4,0.0883918572761731,2.8754627735491605e-05,0.03733666521010565,
TaOx-HfOx,exp1,100,5,0.08835388227617298,2.8713031255651795e-05,0.03700864705548821,
TaOx-HfOx,exp1,100,6,0.08841520727617257,2.8745707390582824e-05,0.036824983522320734,
TaOx-HfOx,exp1,100,7,0.08835388227617298,2.871303122791387e-05,0.03700864705548821,
TaOx-HfOx,exp1,100,8,0.08841520727617257,2.8745707239481805e-05,0.036826841950513285,
TaOx-HfOx,exp1,100,9,0.08859430727617328,2.8818336649206326e-05,0.03690971321746527,
TaOx-HfOx,exp1,10,1,0.08826996322761736,2.804015048118076e-05,0.037264885750945276,
TaOx-HfOx,exp1,10,10,0.0881439632276171,2.7979141261989242e-05,0.036826841950513285,
TaOx-HfOx,exp1,10,2,0.08826996322761736,2.8040150399880395e-05,0.037264885750945276,
TaOx-HfOx,exp1,10,3,0.0881439632276171,2.7979141220781462e-05,0.036826841950513285,
TaOx-HfOx,exp1,10,4,0.08832306322761714,2.8054403753933068e-05,0.03708818611886243,
TaOx-HfOx,exp1,10,5,0.08812061322761762,2.7988061568482534e-05,0.03733666521010565,
TaOx-HfOx,exp1,10,6,0.08832306322761714,2.805177035759711e-05,0.03691012361673295,
TaOx-HfOx,exp1,10,7,0.08817366322761706,2.801310450557143e-05,0.03729635258305873,
TaOx-HfOx,exp1,10,8,0.0884161132276172,2.806609695770382e-05,0.036805055405287196,
TaOx-HfOx,exp1,10,9,0.08844758822761739,2.808362773536009e-05,0.03655182547234326,
TaOx-HfOx,exp1,1,1,0.06216423882276147,1.8096773818832864e-05,0.9342452233591753,
TaOx-HfOx,exp1,1,10,0.06216423882276147,1.8084101701750884e-05,0.9321449698489634,
TaOx-HfOx,exp1,1,2,0.06216423882276147,1.8093373899484146e-05,0.9335819197254518,
TaOx-HfOx,exp1,1,3,0.06216423882276147,1.8091732310089823e-05,0.9334961323418107,
TaOx-HfOx,exp1,1,4,0.06216423882276147,1.8084101701750884e-05,0.9321449698489634,
TaOx-HfOx,exp1,1,5,0.06216423882276147,1.8095054348856997e-05,0.9340222702227176,
TaOx-HfOx,exp1,1,6,0.06216423882276147,1.8093373899484146e-05,0.9335819197254518,
TaOx-HfOx,exp1,1,7,0.06216423882276147,1.8096773818832864e-05,0.9342452233591753,
TaOx-HfOx,exp1,1,8,0.06216423882276147,1.8085551370289466e-05,0.9322937847371616,
TaOx-HfOx,exp1,1,9,0.06216423882276147,1.8091732310089823e-05,0.9334961323418107,
TaOx-HfOx,exp1,20,1,0.08842132645523441,2.814820388319863e-05,0.03664584876589451,
TaOx-HfOx,exp1,20,10,0.088112776455235,2.8031639158583712e-05,0.03700864705548821,
TaOx-HfOx,exp1,20,2,0.08835320145523468,2.8139577833751916e-05,0.03708818611886243,
TaOx-HfOx,exp1,20,3,0.08835320145523468,2.813694421761517e-05,0.03691012361673295,
TaOx-HfOx,exp1,20,4,0.08842132645523441,2.814820388319863e-05,0.03664584876589451,
TaOx-HfOx,exp1,20,5,0.08835320145523468,2.813957817082664e-05,0.037087420307910346,
TaOx-HfOx,exp1,20,6,0.08835320145523468,2.81395784180798e-05,0.03708728246437079,
TaOx-HfOx,exp1,20,7,0.08815075145523416,2.80732356521035e-05,0.03733666521010565,
TaOx-HfOx,exp1,20,8,0.08817410145523448,2.8064315229447618e-05,0.036826841950513285,
TaOx-HfOx,exp1,20,9,0.08844625145523471,2.8151270868740363e-05,0.036805171450269965,
TaOx-HfOx,exp1,30,1,0.08820423968285197,2.8149489209087852e-05,0.036826841950513285,
TaOx-HfOx,exp1,30,10,0.08838333968285199,2.822475198098616e-05,0.037087953822596484,
TaOx-HfOx,exp1,30,2,0.08814291468285153,2.8116813181274047e-05,0.03700864705548821,
TaOx-HfOx,exp1,30,3,0.08823393968285197,2.81834525613874e-05,0.03729635258305873,
TaOx-HfOx,exp1,30,4,0.08847638968285171,2.823644487740654e-05,0.036805171450269965,
TaOx-HfOx,exp1,30,5,0.08820423968285197,2.814948925216025e-05,0.036826841950513285,
TaOx-HfOx,exp1,30,6,0.08838333968285199,2.8224752048399896e-05,0.037087953822596484,
TaOx-HfOx,exp1,30,7,0.08814291468285153,2.811681316724997e-05,0.03700864705548821,
TaOx-HfOx,exp1,30,8,0.08818088968285165,2.8158409660769758e-05,0.03733666521010565,
TaOx-HfOx,exp1,30,9,0.08850786468285164,2.8253975647424533e-05,0.03655182547234326,
TaOx-HfOx,exp1,40,1,0.08821102791046918,2.824358374912674e-05,0.03733666521010565,
TaOx-HfOx,exp1,40,10,0.08826407791046895,2.8268626475911635e-05,0.03729635258305873,
TaOx-HfOx,exp1,40,2,0.0885065279104691,2.8321618951782235e-05,0.036805171450269965,
TaOx-HfOx,exp1,40,3,0.08826407791046895,2.8268626594158224e-05,0.037296348250600964,
TaOx-HfOx,exp1,40,4,0.08823437791046901,2.8234663232422562e-05,0.036826841950513285,
TaOx-HfOx,exp1,40,5,0.0881332529104689,2.8178125095020866e-05,0.036196759558636396,
TaOx-HfOx,exp1,40,6,0.08836037791046902,2.8295672633920685e-05,0.037265409455499804,
TaOx-HfOx,exp1,40,7,0.08823437791046901,2.8234663260826508e-05,0.036826841950513285,
TaOx-HfOx,exp1,40,8,0.08836037791046902,2.829567252250556e-05,0.037264885750945276,
TaOx-HfOx,exp1,40,9,0.08830397791046915,2.8272394576412955e-05,0.03732454753283388,
TaOx-HfOx,exp1,50,1,0.08829421613808648,2.8353800423944574e-05,0.03729635258305873,
TaOx-HfOx,exp1,50,10,0.08826451613808653,2.8319837211441098e-05,0.036826841950513285,
TaOx-HfOx,exp1,50,2,0.08820319113808656,2.828716114064504e-05,0.03700864705548821,
TaOx-HfOx,exp1,50,3,0.08824116613808668,2.83287577577929e-05,0.03733666521010565,
TaOx-HfOx,exp1,50,4,0.08867596613808632,2.8475857544084047e-05,0.036379807062064874,
TaOx-HfOx,exp1,50,5,0.0887605411380862,2.851873840927149e-05,0.0360879663793863,
TaOx-HfOx,exp1,50,6,0.08820319113808656,2.8287161093907052e-05,0.03700864705548821,
TaOx-HfOx,exp1,50,7,0.0885117411380863,2.84037260031713e-05,0.03664584876589451,
TaOx-HfOx,exp1,50,8,0.08820319113808656,2.8287161155601632e-05,0.03700864705548821,
TaOx-HfOx,exp1,50,9,0.08853666613808674,2.8406793023667688e-05,0.036805055405287196,
TaOx-HfOx,exp1,60,1,0.08857675436570348,2.849550153897385e-05,0.03679635755524457,
TaOx-HfOx,exp1,60,10,0.08829465436570402,2.8405011249755176e-05,0.036826841950513285,
TaOx-HfOx,exp1,60,2,0.08832435436570397,2.8438974493244076e-05,0.03729635258305873,
TaOx-HfOx,exp1,60,3,0.08832435436570397,2.8438974548902722e-05,0.03729635258305873,
TaOx-HfOx,exp1,60,4,0.08859827936570382,2.8509497673423354e-05,0.03655182547234326,
TaOx-HfOx,exp1,60,5,0.08847375436570386,2.8477640544582506e-05,0.03691012361673295,
TaOx-HfOx,exp1,60,6,0.08829465436570402,2.8405011189215607e-05,0.036826841950513285,
TaOx-HfOx,exp1,60,7,0.08856680436570391,2.849196690340543e-05,0.036805171450269965,
TaOx-HfOx,exp1,60,8,0.08847375436570386,2.848027393832527e-05,0.037087953822596484,
TaOx-HfOx,exp1,60,9,0.08854187936570394,2.848889963985491e-05,0.03664584876589451,
TaOx-HfOx,exp1,70,1,0.08857201759332145,2.857407402050364e-05,0.03664584876589451,
TaOx-HfOx,exp1,70,10,0.0886284175933212,2.8594671787357582e-05,0.03655182547234326,
TaOx-HfOx,exp1,70,2,0.0886284175933212,2.8594672040661616e-05,0.03655089723086314,
TaOx-HfOx,exp1,70,3,0.08830144259332119,2.8499105651395184e-05,0.03733666521010565,
TaOx-HfOx,exp1,70,4,0.08826346759332107,2.845750918758015e-05,0.03700864705548821,
TaOx-HfOx,exp1,70,5,0.08850389259332139,2.8565447946991703e-05,0.037087953822596484,
TaOx-HfOx,exp1,70,6,0.08845079259332093,2.8551194563518476e-05,0.037264885750945276,
TaOx-HfOx,exp1,70,7,0.0886284175933212,2.859467185441909e-05,0.03655182547234326,
TaOx-HfOx,exp1,70,8,0.0883247925933209,2.849018531398663e-05,0.036826841950513285,
TaOx-HfOx,exp1,70,9,0.08835449259332086,2.8524148557568902e-05,0.03729635258305873,
TaOx-HfOx,exp1,80,1,0.08833158082093873,2.8584279689732135e-05,0.03733666521010565,
TaOx-HfOx,exp1,80,10,0.0883549308209384,2.8575359348572434e-05,0.036824983522320734,
TaOx-HfOx,exp1,80,2,0.08812115582093825,2.8458727157126387e-05,0.036370245740611984,
TaOx-HfOx,exp1,80,3,0.08829360582093859,2.854268321058116e-05,0.03700864705548821,
TaOx-HfOx,exp1,80,4,0.08853403082093823,2.865062181459697e-05,0.03708818611886243,
TaOx-HfOx,exp1,80,5,0.08853403082093823,2.8647988631873888e-05,0.03690971321746527,
TaOx-HfOx,exp1,80,6,0.08853403082093823,2.865062188574934e-05,0.03708818611886243,
TaOx-HfOx,exp1,80,7,0.08853403082093823,2.8650622222824055e-05,0.037087420307910346,
TaOx-HfOx,exp1,80,8,0.08848093082093857,2.8636368586889066e-05,0.037264885750945276,
TaOx-HfOx,exp1,80,9,0.08829360582093859,2.8542683264814308e-05,0.03700864705548821,
TaOx-HfOx,exp1,90,1,0.08841476904855566,2.869449653362349e-05,0.03729635258305873,
TaOx-HfOx,exp1,90,10,0.08841476904855566,2.8694496547693354e-05,0.03729635258305873,
TaOx-HfOx,exp1,90,2,0.08832374404855559,2.8627857160041793e-05,0.03700864705548821,
TaOx-HfOx,exp1,90,3,0.08879651904855537,2.881655367662007e-05,0.036379807062064874,
TaOx-HfOx,exp1,90,4,0.08838506904855571,2.8660533230815626e-05,0.036826841950513285,
TaOx-HfOx,exp1,90,5,0.08856416904855577,2.8735796166567775e-05,0.037087953822596484,
TaOx-HfOx,exp1,90,6,0.08856416904855577,2.873579596432414e-05,0.037087953822596484,
TaOx-HfOx,exp1,90,7,0.08879651904855537,2.8816553328564334e-05,0.036380735153968204,
TaOx-HfOx,exp1,90,8,0.08838506904855571,2.866053326108534e-05,0.036826841950513285,
TaOx-HfOx,exp1,90,9,0.08856416904855577,2.8733162124635878e-05,0.03691012361673295,
TaOx-HfOx,exp2,100,1,0.09077595727617326,2.286244496100048e-05,0.5502146694456475,
TaOx-HfOx,exp2,100,10,0.0907991572761726,2.288092445624421e-05,0.5588486390580526,
TaOx-HfOx,exp2,100,2,0.09110298227617306,2.297494430308083e-05,0.5724437340722079,
TaOx-HfOx,exp2,100,3,0.09119440727617277,2.2980130654066583e-05,0.5729360255634665,
TaOx-HfOx,exp2,100,4,0.09118115727617258,2.2977379415315952e-05,0.569532875393895,
TaOx-HfOx,exp2,100,5,0.09100530727617291,2.2896003707458937e-05,0.5561064863860484,
TaOx-HfOx,exp2,100,6,0.09107638227617301,2.297321970884302e-05,0.5721961798786303,
TaOx-HfOx,exp2,100,7,0.0913473572761732,2.2989812746356513e-05,0.5731088125944346,
TaOx-HfOx,exp2,100,8,0.09081585727617293,2.2864171026119997e-05,0.5503086565471879,
TaOx-HfOx,exp2,100,9,0.09094850727617297,2.2946306472364424e-05,0.5691979412778657,
TaOx-HfOx,exp2,10,1,0.090489938227617,2.2042233139161595e-05,0.543584429301361,
TaOx-HfOx,exp2,10,10,0.09054948822761738,2.2118717994976547e-05,0.5588335096939269,
TaOx-HfOx,exp2,10,2,0.09054461322761745,2.2097604948123647e-05,0.5503086565471879,
TaOx-HfOx,exp2,10,3,0.09053751322761729,2.2192022564258293e-05,0.5636220227094626,
TaOx-HfOx,exp2,10,4,0.09060963822761689,2.2052508206975768e-05,0.5439309436886982,
TaOx-HfOx,exp2,10,5,0.09063623822761731,2.205564111262636e-05,0.543838787153042,
TaOx-HfOx,exp2,10,6,0.09057786322761695,2.2096221109456753e-05,0.5518315282648318,
TaOx-HfOx,exp2,10,7,0.09076843822761739,2.2227621214325134e-05,0.5863316649668083,
TaOx-HfOx,exp2,10,8,0.09071051322761736,2.218409311521011e-05,0.5633793308895553,
TaOx-HfOx,exp2,10,9,0.09029718822761706,2.1998428060592908e-05,0.5409704662025241,
TaOx-HfOx,exp2,1,1,0.060375388822761625,1.2178756993585989e-05,1.0369939408573996,
TaOx-HfOx,exp2,1,10,0.060375388822761625,1.2178756993585989e-05,1.0369939408573996,
TaOx-HfOx,exp2,1,2,0.060375388822761625,1.2187066645957742e-05,1.036913810704182,
TaOx-HfOx,exp2,1,3,0.060375388822761625,1.216729644425166e-05,1.0369175207403816,
TaOx-HfOx,exp2,1,4,0.060375388822761625,1.2172877787594804e-05,1.03701319888856,
TaOx-HfOx,exp2,1,5,0.060375388822761625,1.2191426097909036e-05,1.0369181260789564,
TaOx-HfOx,exp2,1,6,0.060375388822761625,1.2184938319595805e-05,1.0368495067196908,
TaOx-HfOx,exp2,1,7,0.060375388822761625,1.2187066645957742e-05,1.036913810704182,
TaOx-HfOx,exp2,1,8,0.060375388822761625,1.2187066645957742e-05,1.036913810704182,
TaOx-HfOx,exp2,1,9,0.060375388822761625,1.2187066645957742e-05,1.036913810704182,
TaOx-HfOx,exp2,20,1,0.09056765145523483,2.2277196572924744e-05,0.5636220227094626,
TaOx-HfOx,exp2,20,10,0.0906844014552346,2.220665214021249e-05,0.5542920558791594,
TaOx-HfOx,exp2,20,2,0.09085370145523466,2.2277625738254608e-05,0.5646517568102745,
TaOx-HfOx,exp2,20,3,0.0907309514552343,2.2210327212798912e-05,0.5552828840082321,
TaOx-HfOx,exp2,20,4,0.09070502645523486,2.239095702841641e-05,0.5807341138134566,
TaOx-HfOx,exp2,20,5,0.09052007645523451,2.2127407147827873e-05,0.543584429301361,
TaOx-HfOx,exp2,20,6,0.09058140145523433,2.2182786365674673e-05,0.5529706207902947,
TaOx-HfOx,exp2,20,7,0.09073390145523445,2.2284851123043472e-05,0.567463863284041,
TaOx-HfOx,exp2,20,8,0.09049495145523472,2.2172885862382948e-05,0.552596379399304,
TaOx-HfOx,exp2,20,9,0.09063977645523431,2.213768221564195e-05,0.5439309436886982,
TaOx-HfOx,exp2,30,1,0.09067768968285211,2.234717051612448e-05,0.568828944457581,
TaOx-HfOx,exp2,30,10,0.09093861468285203,2.2375523890337157e-05,0.570016139473719,
TaOx-HfOx,exp2,30,2,0.09075798968285227,2.2236312720524164e-05,0.5453554888642794,
TaOx-HfOx,exp2,30,3,0.09053691468285185,2.221033226008033e-05,0.5435370836324591,
TaOx-HfOx,exp2,30,4,0.09073753968285203,2.235114221747864e-05,0.5603532530469989,
TaOx-HfOx,exp2,30,5,0.09061108968285189,2.2365227639065133e-05,0.5650980123466869,
TaOx-HfOx,exp2,30,6,0.09081683968285215,2.244470181834572e-05,0.5867856488865009,
TaOx-HfOx,exp2,30,7,0.09089363968285194,2.238002297431523e-05,0.5735614725524774,
TaOx-HfOx,exp2,30,8,0.09076403968285197,2.2370025131709652e-05,0.567463863284041,
TaOx-HfOx,exp2,30,9,0.09052818968285183,2.2309611881818572e-05,0.5614477599206539,
TaOx-HfOx,exp2,40,1,0.090935452910469,2.2464835924460433e-05,0.5713618942103653,
TaOx-HfOx,exp2,40,10,0.09066487791046941,2.2372173263216707e-05,0.5560639676697557,
TaOx-HfOx,exp2,40,2,0.09062792791046934,2.2447112523197235e-05,0.5635773823212704,
TaOx-HfOx,exp2,40,3,0.09063147791046876,2.2399388157398486e-05,0.561847603870692,
TaOx-HfOx,exp2,40,4,0.09100032791046904,2.246633536331854e-05,0.569532875393895,
TaOx-HfOx,exp2,40,5,0.09074467791046897,2.2377169518951393e-05,0.5552532089344682,
TaOx-HfOx,exp2,40,6,0.09066117791046871,2.2450212296932404e-05,0.564946179502156,
TaOx-HfOx,exp2,40,7,0.09063827791046904,2.2370554747639363e-05,0.5560393373204829,
TaOx-HfOx,exp2,40,8,0.09043272791046925,2.2231067016536957e-05,0.5209133904341621,
TaOx-HfOx,exp2,40,9,0.09059512791046932,2.2346410796383342e-05,0.5523689911646854,
TaOx-HfOx,exp2,50,1,0.09069131613808623,2.2535386305598577e-05,0.564946179502156,
TaOx-HfOx,exp2,50,10,0.09080791613808671,2.249268340172252e-05,0.5611077197772563,
TaOx-HfOx,exp2,50,2,0.09095391613808636,2.255037099164779e-05,0.5735614725524774,
TaOx-HfOx,exp2,50,3,0.09069131613808623,2.2535386305598577e-05,0.564946179502156,
TaOx-HfOx,exp2,50,4,0.09064166613808604,2.2482739128326102e-05,0.559930275481885,
TaOx-HfOx,exp2,50,5,0.09065806613808675,2.2532718598923405e-05,0.5636220227094626,
TaOx-HfOx,exp2,50,6,0.09088426613808642,2.2528407413941036e-05,0.5642677502193405,
TaOx-HfOx,exp2,50,7,0.0907748161380865,2.2462343527617573e-05,0.5552532089344682,
TaOx-HfOx,exp2,50,8,0.0907748161380865,2.2462174166211122e-05,0.5542920558791594,
TaOx-HfOx,exp2,50,9,0.09047094113808633,2.234345122399301e-05,0.5402090355776855,
TaOx-HfOx,exp2,60,1,0.09055565436570356,2.250758481681546e-05,0.5565794268178097,
TaOx-HfOx,exp2,60,10,0.0907152543657037,2.252514589086516e-05,0.5498262584255256,
TaOx-HfOx,exp2,60,2,0.09074140436570413,2.2623302226186728e-05,0.5651610078396456,
TaOx-HfOx,exp2,60,3,0.09099100436570354,2.259531839406496e-05,0.5631871516543531,
TaOx-HfOx,exp2,60,4,0.0909809043657039,2.261835790887989e-05,0.5615828860128692,
TaOx-HfOx,exp2,60,5,0.09099070436570403,2.2637350008957656e-05,0.5741357256766199,
TaOx-HfOx,exp2,60,6,0.09064520436570413,2.256668016491477e-05,0.5613495903541726,
TaOx-HfOx,exp2,60,7,0.09091912936570379,2.265349125765646e-05,0.5863316649668083,
TaOx-HfOx,exp2,60,8,0.09101730436570336,2.2639865855257143e-05,0.5743568374365429,
TaOx-HfOx,exp2,60,9,0.09074815436570366,2.2601441416108336e-05,0.56938735500985,
TaOx-HfOx,exp2,70,1,0.09065746759332129,2.255102829474516e-05,0.5435370836324591,
TaOx-HfOx,exp2,70,10,0.0908548925933209,2.266581525171873e-05,0.5618088860751576,
TaOx-HfOx,exp2,70,2,0.09108891759332122,2.2747693056924046e-05,0.5868661717737573,
TaOx-HfOx,exp2,70,3,0.091025867593321,2.2720193652912803e-05,0.5710438233994475,
TaOx-HfOx,exp2,70,4,0.09088164259332127,2.2636197256130163e-05,0.5552828840082321,
TaOx-HfOx,exp2,70,5,0.09097459259332139,2.267475168365967e-05,0.562198058845153,
TaOx-HfOx,exp2,70,6,0.09183051759332121,2.277057186056144e-05,0.5839403184737312,
TaOx-HfOx,exp2,70,7,0.09073534259332108,2.262610928771138e-05,0.5565243640158976,
TaOx-HfOx,exp2,70,8,0.0900462675933209,2.2374795816466555e-05,0.49855413433394374,
TaOx-HfOx,exp2,70,9,0.09102419259332095,2.2719542961913827e-05,0.5727237269841334,
TaOx-HfOx,exp2,80,1,0.09071568082093819,2.269209694366791e-05,0.5502146694456475,
TaOx-HfOx,exp2,80,10,0.09119073082093837,2.280658516841492e-05,0.5746681575416708,
TaOx-HfOx,exp2,80,2,0.09070090582093811,2.2637463395442034e-05,0.5435695132785694,
TaOx-HfOx,exp2,80,3,0.09086523082093817,2.2717865553616424e-05,0.5552532089344682,
TaOx-HfOx,exp2,80,4,0.0907918808209385,2.2751033674295634e-05,0.5552746822669202,
TaOx-HfOx,exp2,80,5,0.0910277308209381,2.280327299744407e-05,0.5729404471764208,
TaOx-HfOx,exp2,80,6,0.09093468082093838,2.2797031095567597e-05,0.5674633231915261,
TaOx-HfOx,exp2,80,7,0.09101138082093826,2.2761505910853017e-05,0.5614330531878226,
TaOx-HfOx,exp2,80,8,0.09064770582093823,2.263330089983485e-05,0.5430187350502436,
TaOx-HfOx,exp2,80,9,0.09081868082093845,2.2714991111244605e-05,0.5594217120696298,
TaOx-HfOx,exp2,90,1,0.0908953690485557,2.280287020087617e-05,0.5542920558791594,
TaOx-HfOx,exp2,90,10,0.09085851904855557,2.2858214568121907e-05,0.568828944457581,
TaOx-HfOx,exp2,90,2,0.09070591904855568,2.2769103923046656e-05,0.552596379399304,
TaOx-HfOx,exp2,90,3,0.0908118690485558,2.2876082340263618e-05,0.564946179502156,
TaOx-HfOx,exp2,90,4,0.09104151904855588,2.2846679919519206e-05,0.5614330531878226,
TaOx-HfOx,exp2,90,5,0.09107781904855562,2.288976549565158e-05,0.5731121969587073,
TaOx-HfOx,exp2,90,6,0.09097516904855596,2.2809862970651076e-05,0.5563510322085328,
TaOx-HfOx,exp2,90,7,0.09087881904855581,2.278409685751452e-05,0.5529715674668447,
TaOx-HfOx,exp2,90,8,0.09094856904855554,2.280810847038737e-05,0.5560780508252944,
TaOx-HfOx,exp2,90,9,0.09087836904855583,2.2881969256290924e-05,0.565130464570332,
