material,exp_id,iteration,replication,writeLatency_mean,writeEnergy_mean,L2_norm_Error,Loo_norm_Error,min_elapsed_time
Ag-aSi,exp1,100,1,461.72325138227706,0.0021228665322671676,1.1424182668779645,0.40304804029449315,3.3449416160583496
Ag-aSi,exp1,100,2,460.96875138227807,0.0021159241494182286,1.022230529231461,0.3451318064899134,3.3482298851013184
Ag-aSi,exp1,100,3,516.7674013822756,0.002134550570347149,1.4887803622844813,0.4415323574950527,3.3671860694885254
Ag-aSi,exp1,100,4,463.0893013822799,0.002059172325353976,2.3799909443285494,0.6280624556540033,3.3043649196624756
Ag-aSi,exp1,100,5,563.6439013822775,0.002140811175030014,1.1626009007127986,0.3310965396100194,3.3465094566345215
Ag-aSi,exp1,10,1,445.63938013822536,0.0020573578831319076,1.072807099806708,0.32755803238072545,1.966020107269287
Ag-aSi,exp1,10,2,445.72458013822785,0.0020485883618064455,2.0010677043863505,0.5866700529696693,1.9496116638183594
Ag-aSi,exp1,10,3,441.8914801382289,0.0020500342100662435,1.2972341738710707,0.3837181603611697,1.932007074356079
Ag-aSi,exp1,10,4,448.75248013822926,0.0020563114219694875,1.8163610637389649,0.5528384211448909,1.9416406154632568
Ag-aSi,exp1,10,5,442.4226301382259,0.0020467714598238753,1.1426341560068296,0.3568301218239043,1.993032693862915
Ag-aSi,exp1,1,1,280.777053013822,0.0012435280856090988,43.99357224500125,5.971211606146939,2.0212464332580566
Ag-aSi,exp1,1,2,280.777053013822,0.0012426556548938738,48.405375675691175,6.50123711724269,1.8077120780944824
Ag-aSi,exp1,1,3,280.777053013822,0.001242367372843712,48.544182751545065,6.610819158514211,1.773129940032959
Ag-aSi,exp1,1,4,280.777053013822,0.0012441159605056486,43.40407739998474,5.979243233195286,1.7293033599853516
Ag-aSi,exp1,1,5,280.777053013822,0.001242945222560358,48.14764981683514,6.581187168657133,1.878547191619873
Ag-aSi,exp1,20,1,457.7016602764575,0.0020572822733049305,1.9016730680748064,0.5225874601689888,2.1314663887023926
Ag-aSi,exp1,20,2,460.16751027645444,0.0020550088407020072,2.0401863595563574,0.5558883633639908,2.1370604038238525
Ag-aSi,exp1,20,3,453.0651602764551,0.002067084629885341,1.2198598350986065,0.33551339179394546,2.1228692531585693
Ag-aSi,exp1,20,4,464.41806027645566,0.0020691451357409043,1.298095889895265,0.3707735354254318,2.0728461742401123
Ag-aSi,exp1,20,5,452.76546027645475,0.0020680453255409854,1.1385867929014404,0.3306561427824697,2.124882459640503
Ag-aSi,exp1,30,1,458.508390414684,0.0020759196347645264,1.1792181389594345,0.3996358177690915,2.260667085647583
Ag-aSi,exp1,30,2,455.40054041468386,0.0020823888602009358,1.0855422776135426,0.32581230352123214,2.275027275085449
Ag-aSi,exp1,30,3,453.4277404146815,0.0020782601273953336,1.2622108590734045,0.3385624577709514,2.2567641735076904
Ag-aSi,exp1,30,4,459.52344041468103,0.0020953544499473743,1.8642782127804045,0.5505163947535152,2.2848854064941406
Ag-aSi,exp1,30,5,459.06429041468067,0.002079077757658729,1.22970367921492,0.35138990355380173,2.2806472778320312
Ag-aSi,exp1,40,1,448.15392055291125,0.0020728019791403387,1.1714105565108541,0.40428825919593336,2.482327938079834
Ag-aSi,exp1,40,2,447.7612205529132,0.0020619251252183795,1.1237586207097663,0.3704702817764165,2.443020820617676
Ag-aSi,exp1,40,3,452.08707055291165,0.002085263451906828,1.1383966476616914,0.3629839116865199,2.420100688934326
Ag-aSi,exp1,40,4,453.1324205529113,0.002089970103860524,1.192702187009763,0.355870174471697,2.3656091690063477
Ag-aSi,exp1,40,5,449.49897055291257,0.0020756300188151454,1.1550862867189151,0.3798066371848954,2.4433493614196777
Ag-aSi,exp1,50,1,470.2105506911395,0.002091559376602555,1.1021960147941794,0.3187126118878254,2.6110925674438477
Ag-aSi,exp1,50,2,453.43035069113967,0.002091365149577039,1.138246521252325,0.36288122953030566,2.541544198989868
Ag-aSi,exp1,50,3,449.2285506911406,0.0020776107777158905,1.15074733205579,0.3590972286366565,2.555846691131592
Ag-aSi,exp1,50,4,480.975450691137,0.0021071467910552017,1.2563703783993938,0.39696262032087404,2.5624008178710938
Ag-aSi,exp1,50,5,475.09440069113816,0.0020851908864524754,1.165315385916865,0.3844225790385103,2.5483815670013428
Ag-aSi,exp1,60,1,488.90748082936466,0.0021231440972201265,1.307890555642636,0.3832741631604186,2.717862606048584
Ag-aSi,exp1,60,2,455.6443808293671,0.002093669355868984,1.1168919656566485,0.3748699176815009,2.760531425476074
Ag-aSi,exp1,60,3,437.7436808293668,0.0020630661820829274,1.1151620132018583,0.3295885051182488,2.730201005935669
Ag-aSi,exp1,60,4,481.02978082936386,0.0020864516633487987,1.8898089508177973,0.5481310735903122,2.720400810241699
Ag-aSi,exp1,60,5,455.6443808293671,0.002093669355868984,1.1168919656566485,0.3748699176815009,2.7422642707824707
Ag-aSi,exp1,70,1,454.0661109675952,0.002096275962313678,1.1673355029775123,0.3588433997498015,2.9191324710845947
Ag-aSi,exp1,70,2,464.64591096759284,0.0020905027389832255,1.8539362396193448,0.5456115922184495,2.9037117958068848
Ag-aSi,exp1,70,3,527.4422109675943,0.0021182551640111505,1.2575396649348094,0.35926502878805877,2.913367748260498
Ag-aSi,exp1,70,4,442.8207609675935,0.002064225102315426,1.222020057792357,0.346879738276094,2.835158109664917
Ag-aSi,exp1,70,5,452.49861096759366,0.0020824656905872683,1.0683157315550316,0.33121511984017715,2.7629950046539307
Ag-aSi,exp1,80,1,477.7071911058213,0.0021215175782710845,2.3149473583159965,0.6144132785111331,3.062483787536621
Ag-aSi,exp1,80,2,465.98919110582057,0.0020965867600241327,1.85406410686011,0.5456194912669226,3.0851004123687744
Ag-aSi,exp1,80,3,458.89044110582324,0.00210296502107246,1.8978603320562744,0.5728702295704728,3.091153621673584
Ag-aSi,exp1,80,4,451.2369911058226,0.0020736869391436027,1.106875707239919,0.3749172200152806,3.1012234687805176
Ag-aSi,exp1,80,5,466.6874411058217,0.0021267372652753734,1.2987476973577419,0.329077883620954,3.0182061195373535
Ag-aSi,exp1,90,1,471.74967124404947,0.002123822978840086,2.1497476844149244,0.5946478092696736,3.1876184940338135
Ag-aSi,exp1,90,2,483.7021212440509,0.002203044732259967,1.8635240586927866,0.5504216094894225,3.1561012268066406
Ag-aSi,exp1,90,3,548.2346712440511,0.0021165286983037684,1.2405281357952462,0.34966803360882537,3.1549906730651855
Ag-aSi,exp1,90,4,548.2346712440511,0.0021165286983037684,1.2405281357952462,0.34966803360882537,3.1651880741119385
Ag-aSi,exp1,90,5,463.08927124404977,0.002059087151345296,2.3799909443285494,0.6280624556540033,3.1779732704162598
Ag-aSi,exp2,100,1,584.1777013822798,0.0021995789613830185,1.228700026651028,0.2829861998439096,2.9430172443389893
Ag-aSi,exp2,100,2,630.5260513822749,0.0022612112986631775,1.2717269056269729,0.331595328813552,3.0235793590545654
Ag-aSi,exp2,100,3,592.0581013822774,0.0022345779140729052,2.464862564932129,0.6173382822391504,3.03922438621521
Ag-aSi,exp2,100,4,659.6164513822735,0.002320300392065293,1.2432733459625207,0.3205965488671061,3.0603296756744385
Ag-aSi,exp2,100,5,592.5714013822766,0.0022526359722517967,1.2357693497481446,0.3033140924741611,3.0802316665649414
Ag-aSi,exp2,10,1,625.6443301382263,0.002224707771965746,2.212279437132491,0.5061667195153752,1.655367136001587
Ag-aSi,exp2,10,2,580.4385301382288,0.002108909178747748,1.7204012534551343,0.43682064139302623,1.7025249004364014
Ag-aSi,exp2,10,3,578.782230138227,0.0021866604481088343,1.2753035142785238,0.3267181836008719,1.6551105976104736
Ag-aSi,exp2,10,4,578.7804301382268,0.002190305171479979,1.253487830848163,0.3207581911073314,1.701174020767212
Ag-aSi,exp2,10,5,580.0581301382281,0.002181010838933526,1.2199584194770507,0.2945005794039828,1.6687040328979492
Ag-aSi,exp2,1,1,273.0364530138221,0.0008346791290516693,51.40743180620559,7.495344706380425,1.5390739440917969
Ag-aSi,exp2,1,2,273.0364530138221,0.0008334087581378177,47.486898929332305,6.87700459964506,1.523522138595581
Ag-aSi,exp2,1,3,273.0364530138221,0.0008328774680078003,47.72130038921596,6.906846215795242,1.5088608264923096
Ag-aSi,exp2,1,4,273.0364530138221,0.0008346791290516693,51.40743180620559,7.495344706380425,1.466867446899414
Ag-aSi,exp2,1,5,273.0364530138221,0.0008337673626140707,47.44103884020588,6.870069473422547,1.5340495109558105
Ag-aSi,exp2,20,1,615.3632102764565,0.0022733936157693447,2.527047727411398,1.1426218708416114,1.8442785739898682
Ag-aSi,exp2,20,2,607.468410276456,0.0022315835104813352,2.526371352157687,1.1411369169329086,1.7987823486328125
Ag-aSi,exp2,20,3,581.9351102764557,0.0022037878085696843,1.2307653051179157,0.2976032400759956,1.8180480003356934
Ag-aSi,exp2,20,4,640.0365602764568,0.002235716417351952,1.2291264559658155,0.28111847641908616,1.807337760925293
Ag-aSi,exp2,20,5,660.8591102764557,0.0023728374002135702,1.9235136741778818,0.7456130640761498,1.830763578414917
Ag-aSi,exp2,30,1,584.5923904146821,0.0022149596893193315,1.2254947312226367,0.29585761038800973,1.9526574611663818
Ag-aSi,exp2,30,2,582.6551404146811,0.0021916040660248846,2.4663349338901153,0.6202292430307856,2.002579927444458
Ag-aSi,exp2,30,3,584.0045404146853,0.002213357893435933,1.227369725121411,0.297927094783498,1.968200445175171
Ag-aSi,exp2,30,4,602.6183404146851,0.0022171428343267523,2.5272369502660035,1.1419583833292666,1.9360072612762451
Ag-aSi,exp2,30,5,582.2756404146833,0.002199825820712332,1.2219415097327506,0.28817569987758285,1.9881813526153564
Ag-aSi,exp2,40,1,588.4820705529102,0.0022327579409984364,1.2220778480423549,0.2963667414574873,2.191748857498169
Ag-aSi,exp2,40,2,588.995520552911,0.0021815744926380674,2.0020162211711194,0.4446048667083773,2.0846378803253174
Ag-aSi,exp2,40,3,646.663320552911,0.00226568975205948,1.2361417003552981,0.2923663390694573,2.1039440631866455
Ag-aSi,exp2,40,4,639.7802705529086,0.002238913573373265,1.2083838783324221,0.27694792934866364,2.101968288421631
Ag-aSi,exp2,40,5,609.3782705529109,0.0022209988684925345,2.525806627480826,1.141184302298119,2.1449692249298096
Ag-aSi,exp2,50,1,589.1701506911359,0.0022322989566539416,1.2299386448537364,0.276445997632877,2.2591075897216797
Ag-aSi,exp2,50,2,586.6105506911389,0.002206887300114889,2.6333076238757522,1.1588617876055736,2.2446835041046143
Ag-aSi,exp2,50,3,671.1894006911347,0.00234030335255278,1.2644135129806466,0.3280624796357299,2.2573225498199463
Ag-aSi,exp2,50,4,600.5683506911373,0.0022182242384737173,2.5248051350512557,1.1418793936818943,2.2972257137298584
Ag-aSi,exp2,50,5,629.4309006911353,0.002320613901530583,2.5274781279575813,1.14247969792168,2.281909704208374
Ag-aSi,exp2,60,1,585.696330829367,0.0022200447151499974,2.4658283023543377,0.6182861174239673,2.4770665168762207
Ag-aSi,exp2,60,2,585.8461808293678,0.002220826008267303,1.222593321924667,0.2799020575521909,2.458000421524048
Ag-aSi,exp2,60,3,668.7837308293656,0.002417266280794355,2.2609359772452415,0.45939507072908636,2.413130521774292
Ag-aSi,exp2,60,4,586.7266808293664,0.002199312387113781,1.873817084276335,0.4713777328144313,2.3494324684143066
Ag-aSi,exp2,60,5,595.0192808293648,0.0022610507866019304,1.4290750435811477,0.4050657862860394,2.524343252182007
Ag-aSi,exp2,70,1,671.2113609675918,0.0022786060226522896,2.2499081648740056,0.45787848637767525,2.5258259773254395
Ag-aSi,exp2,70,2,587.8607109675924,0.0022065302985312075,2.4655367395568724,0.6175910424141737,2.5173983573913574
Ag-aSi,exp2,70,3,591.1589109675932,0.0022451594984507985,1.2317787365505326,0.28898722706398905,2.5820486545562744
Ag-aSi,exp2,70,4,671.7285609675902,0.0022497829611718423,1.6959351526548958,0.7966470339845175,2.545374631881714
Ag-aSi,exp2,70,5,591.5615109675953,0.0022269702310507068,1.2455450303481375,0.3183568693002825,2.4585371017456055
Ag-aSi,exp2,80,1,663.9966911058191,0.002308138871652482,1.2513829618556505,0.31145133418920756,2.674959897994995
Ag-aSi,exp2,80,2,586.6016411058202,0.0022254092697693785,1.222742034509919,0.28200313856805703,2.6924214363098145
Ag-aSi,exp2,80,3,589.371541105822,0.002222384825652931,2.464885235709784,0.6173382822391504,2.755009651184082
Ag-aSi,exp2,80,4,594.0936911058214,0.0022588782400680477,1.2392990597283313,0.3083887335264546,2.6815810203552246
Ag-aSi,exp2,80,5,660.3399911058181,0.002342418178600028,1.23967424225592,0.30976320336111307,2.7164547443389893
Ag-aSi,exp2,90,1,658.498471244045,0.00230271870042988,1.2855911961920234,0.32394576359031246,2.889097213745117
Ag-aSi,exp2,90,2,594.5432712440471,0.0022567236202900016,1.2301286701184624,0.2759404751185497,2.888805389404297
Ag-aSi,exp2,90,3,586.6016712440497,0.00222549444377804,1.222742034509919,0.28200313856805703,2.8689348697662354
Ag-aSi,exp2,90,4,591.5926212440493,0.0022256038777693906,2.480548448764432,1.1426361205199702,2.9082400798797607
Ag-aSi,exp2,90,5,602.3882712440472,0.0022610636678417847,2.2482686486132297,0.4616856898093134,2.826627016067505
AlOx-HfO2,exp1,100,1,75.56180138227693,0.04061548775647772,3.8576175631139553,0.7702090351848305,3.3110499382019043
AlOx-HfO2,exp1,100,2,76.97900138227668,0.04213755617325226,6.705706149821764,1.3637514463534632,3.2454142570495605
AlOx-HfO2,exp1,100,3,75.7552013822767,0.0405377764977281,4.914813794657297,1.0175237699454023,3.2775495052337646
AlOx-HfO2,exp1,100,4,75.21935138227691,0.04055288600833634,2.8570779114400104,0.7638133681466002,3.237435817718506
AlOx-HfO2,exp1,100,5,75.73490138227669,0.04059506863806682,4.3659474233890405,0.9004605702447641,3.2699570655822754
AlOx-HfO2,exp1,10,1,75.66213013822754,0.040996859229765724,5.382387172786355,1.1028330894618161,1.9291958808898926
AlOx-HfO2,exp1,10,2,77.35123013822758,0.041995354356396106,4.73421366236541,0.8895884492345694,1.8596382141113281
AlOx-HfO2,exp1,10,3,74.14918013822744,0.03897770263359648,5.2168486215690875,0.9602998246740917,1.9450035095214844
AlOx-HfO2,exp1,10,4,76.01078013822769,0.04058699011009722,5.122242442519472,1.05009804804018,1.851165533065796
AlOx-HfO2,exp1,10,5,75.3652801382278,0.04055471118351118,2.7311093828477726,0.7152245495468144,1.8704090118408203
AlOx-HfO2,exp1,1,1,38.80185301382282,0.01827800294347333,100.37812221295353,13.654370533692498,1.8144407272338867
AlOx-HfO2,exp1,1,2,38.80185301382282,0.018362996677879558,96.51736251093524,12.817529718363739,1.8063504695892334
AlOx-HfO2,exp1,1,3,38.80185301382282,0.018313173755439113,97.99682076479397,12.857806855344052,1.8495123386383057
AlOx-HfO2,exp1,1,4,38.80185301382282,0.01830611021526717,98.15433717194622,12.89455982234983,1.808415174484253
AlOx-HfO2,exp1,1,5,38.80185301382282,0.01834156161178122,97.05655463604269,12.790611188519728,1.8304777145385742
AlOx-HfO2,exp1,20,1,75.5185102764552,0.040606175650346577,4.729912155218983,0.9417951479965332,2.059896230697632
AlOx-HfO2,exp1,20,2,75.6814602764552,0.04058820653932456,4.329948539159755,0.9013136383167044,2.125866651535034
AlOx-HfO2,exp1,20,3,73.9397602764553,0.03896290713083339,4.7688445039690395,0.9161611783761465,2.0350258350372314
AlOx-HfO2,exp1,20,4,76.0242102764552,0.04056226763287024,5.012746095258385,1.0209279440416061,2.090813159942627
AlOx-HfO2,exp1,20,5,75.21911027645531,0.04055139564919161,2.662197936084597,0.6382866332663042,2.150688648223877
AlOx-HfO2,exp1,30,1,77.50094041468287,0.042090700660752565,6.637094058869987,1.3542122444832962,2.272653579711914
AlOx-HfO2,exp1,30,2,75.56159041468314,0.040614944644127085,3.8525261208990305,0.7694981463518324,2.210888624191284
AlOx-HfO2,exp1,30,3,75.52169041468281,0.040607034488465435,3.7706632504104376,0.753514730530707,2.2036144733428955
AlOx-HfO2,exp1,30,4,76.95889041468295,0.042141268892719054,6.683065846843577,1.3483173835566404,2.211876153945923
AlOx-HfO2,exp1,30,5,75.50454041468291,0.040650012266092474,1.964187326030373,0.5196836145323971,2.201568126678467
AlOx-HfO2,exp1,40,1,77.50097055291087,0.042092096453999084,6.714124384472443,1.3341551813614494,2.3923702239990234
AlOx-HfO2,exp1,40,2,76.02427055291064,0.04056228790274736,4.918698578150543,1.0211017194980734,2.4069015979766846
AlOx-HfO2,exp1,40,3,75.87797055291057,0.040548413061652376,4.7658631059479255,0.961402986733539,2.362384557723999
AlOx-HfO2,exp1,40,4,75.36537055291079,0.04055502022937038,2.7873516880249536,0.714434670450327,2.3656816482543945
AlOx-HfO2,exp1,40,5,75.66222055291084,0.04099711475179149,5.382387172786355,1.1028330894618161,2.3590638637542725
AlOx-HfO2,exp1,50,1,75.6607506911385,0.04066879559904855,2.25335468820059,0.515892766596906,2.5016260147094727
AlOx-HfO2,exp1,50,2,75.58815069113832,0.04054648390167355,2.2666656803224763,0.5441706847938619,2.583101987838745
AlOx-HfO2,exp1,50,3,76.6930506911384,0.04215592421556411,6.7957517517057155,1.292804850252761,2.578608751296997
AlOx-HfO2,exp1,50,4,75.21920069113861,0.04055265329569525,2.866244180927049,0.7634184361494256,2.5539979934692383
AlOx-HfO2,exp1,50,5,76.01090069113836,0.04058710378795831,5.009770107168761,1.0517092981480474,2.5274789333343506
AlOx-HfO2,exp1,60,1,77.55088082936582,0.04214505725872708,6.434276617790464,1.3242182036766632,2.704519748687744
AlOx-HfO2,exp1,60,2,77.50103082936603,0.04209238763467388,6.6997242114374975,1.3343921458012478,2.673367738723755
AlOx-HfO2,exp1,60,3,76.62658082936598,0.04215062470765858,6.737737875782914,1.326335092340008,2.700850248336792
AlOx-HfO2,exp1,60,4,75.21923082936594,0.0405705553334541,3.3272710878353386,0.8403615135550133,2.6311779022216797
AlOx-HfO2,exp1,60,5,75.21923082936594,0.04055228010575445,2.781908532798334,0.7644610896150468,2.6841304302215576
AlOx-HfO2,exp1,70,1,74.059610967594,0.038972133455214795,5.222547758558036,0.96012604753518,2.7860121726989746
AlOx-HfO2,exp1,70,2,75.86476096759382,0.04054706948381459,4.793421677948827,0.9639619998002047,2.8551106452941895
AlOx-HfO2,exp1,70,3,75.21926096759347,0.0405705177515005,3.2937169519861973,0.8408591336007234,2.787036418914795
AlOx-HfO2,exp1,70,4,76.64621096759389,0.04095474067226895,3.9225046117962545,0.9946322497205244,2.7623462677001953
AlOx-HfO2,exp1,70,5,77.55091096759362,0.04215031239812222,6.444541822105489,1.3310901310975982,2.8232624530792236
AlOx-HfO2,exp1,80,1,76.01099110582152,0.04058735930998434,5.009770107168761,1.0517092981480474,2.980043888092041
AlOx-HfO2,exp1,80,2,76.65324110582112,0.042152990049917204,6.708897455743424,1.327053849692815,2.996325969696045
AlOx-HfO2,exp1,80,3,75.54844110582155,0.04061354227823372,3.82523740467016,0.7518401835902928,3.0552051067352295
AlOx-HfO2,exp1,80,4,73.93334110582128,0.03896096447603414,4.941022496236279,0.9482413670644938,2.940455675125122
AlOx-HfO2,exp1,80,5,75.2990911058213,0.0405740755581298,3.3793350948314744,0.8290109571454174,2.9880332946777344
AlOx-HfO2,exp1,90,1,75.49527124404932,0.04060241101758184,3.731504408804166,0.7535305273401534,3.146235466003418
AlOx-HfO2,exp1,90,2,75.54532124404915,0.04060897985791044,4.725859258480736,0.9437461328739012,3.102492570877075
AlOx-HfO2,exp1,90,3,75.51872124404916,0.040606297277808054,4.561272833560629,0.9438172523726855,3.0748634338378906
AlOx-HfO2,exp1,90,4,76.97897124404915,0.04213984075959527,6.681641953772381,1.3474722113656998,3.0992586612701416
AlOx-HfO2,exp1,90,5,75.29912124404883,0.040574160732138216,3.3793350948314744,0.8290109571454174,3.1348845958709717
AlOx-HfO2,exp2,100,1,91.56170138227617,0.043213040953515414,1.1887541573107603,0.297071003865389,2.9139046669006348
AlOx-HfO2,exp2,100,2,91.97165138227639,0.04322798379679576,3.956078158535122,0.6998530376908603,2.977858781814575
AlOx-HfO2,exp2,100,3,91.20350138227651,0.04312553674988159,2.6016682879545012,0.6322495096319443,2.9430222511291504
AlOx-HfO2,exp2,100,4,91.55175138227655,0.04317964107429831,1.293033175098626,0.32195840722792346,3.0023391246795654
AlOx-HfO2,exp2,100,5,91.48210138227633,0.043181886998470434,1.1874140522406866,0.2948356507868627,2.9451937675476074
AlOx-HfO2,exp2,10,1,91.49178013822758,0.04321161068988268,1.189627359033737,0.29771080280249307,1.5655810832977295
AlOx-HfO2,exp2,10,2,91.59128013822779,0.04316089235057325,1.229715168270133,0.30538051498758445,1.6582920551300049
AlOx-HfO2,exp2,10,3,91.49178013822758,0.043212500014193043,1.1892145695759007,0.2996539050448924,1.5895352363586426
AlOx-HfO2,exp2,10,4,91.26293013822797,0.04312524455444451,2.7157319587878974,0.8237484833960305,1.6427056789398193
AlOx-HfO2,exp2,10,5,91.5514801382274,0.04315999172479524,1.6122753908007352,0.40642050630638304,1.62929105758667
AlOx-HfO2,exp2,1,1,37.7644530138227,0.012399271301559909,109.65494988339215,14.73534317327301,1.4622819423675537
AlOx-HfO2,exp2,1,2,37.7644530138227,0.012433547159302777,108.49496290479367,14.61102413895669,1.49820876121521
AlOx-HfO2,exp2,1,3,37.7644530138227,0.012399271301559909,109.65494988339215,14.73534317327301,1.5182106494903564
AlOx-HfO2,exp2,1,4,37.7644530138227,0.012379872108114537,110.51049263484133,14.832879784732224,1.4362096786499023
AlOx-HfO2,exp2,1,5,37.7644530138227,0.012399271301559909,109.65494988339215,14.73534317327301,1.5014348030090332
AlOx-HfO2,exp2,20,1,91.23311027645533,0.04314274590083938,4.2986537145240105,0.7450559930566514,1.7596466541290283
AlOx-HfO2,exp2,20,2,91.22316027645508,0.04310816292516424,2.7549541286894175,0.8238116733667247,1.7633004188537598
AlOx-HfO2,exp2,20,3,91.60126027645543,0.04314480161866179,1.3976347527638318,0.36832588020734847,1.779587984085083
AlOx-HfO2,exp2,20,4,91.16346027645525,0.043172497741162066,3.5304407059134584,0.6917078066347964,1.7132649421691895
AlOx-HfO2,exp2,20,5,91.48186027645518,0.04318120560640099,1.1874140522406866,0.2948356507868627,1.7790732383728027
AlOx-HfO2,exp2,30,1,91.48189041468267,0.04317786993497836,1.1859222258447844,0.2947408660598809,1.9622604846954346
AlOx-HfO2,exp2,30,2,91.60129041468288,0.043145631958295655,1.2392472980419564,0.3366043207670708,1.9269816875457764
AlOx-HfO2,exp2,30,3,91.37244041468317,0.0431480418932541,1.192756955183545,0.2987376409518482,1.9298865795135498
AlOx-HfO2,exp2,30,4,91.55154041468339,0.04317917095491289,1.2934965056817067,0.3220215978226172,1.8939054012298584
AlOx-HfO2,exp2,30,5,91.23314041468284,0.043181263573136806,4.463511582905772,0.7598815736782925,1.916337251663208
AlOx-HfO2,exp2,40,1,91.21327055291081,0.04307870474453237,1.7486104753144749,0.6715577690824399,2.079847574234009
AlOx-HfO2,exp2,40,2,91.49187055291029,0.04320994459494736,1.1908366909133223,0.2999145527362942,2.107013702392578
AlOx-HfO2,exp2,40,3,91.25307055291054,0.043196436977051535,4.607472349111335,0.7857425589647691,2.0985801219940186
AlOx-HfO2,exp2,40,4,91.20332055291084,0.04312631920699742,2.547427306786081,0.5679220733194841,2.0659735202789307
AlOx-HfO2,exp2,40,5,91.22322055291072,0.04317686742999411,4.6486534551247525,0.7843129301562897,2.0501346588134766
AlOx-HfO2,exp2,50,1,91.70085069113833,0.04322564089104057,2.053243452705138,0.44257053109977096,2.202120304107666
AlOx-HfO2,exp2,50,2,91.49190069113841,0.04321182327917551,1.189188629220285,0.2976476129265816,2.2444350719451904
AlOx-HfO2,exp2,50,3,91.75060069113847,0.04324006508115248,2.2897941376622186,0.5250416882892743,2.2406153678894043
AlOx-HfO2,exp2,50,4,91.48195069113851,0.04317804028299571,1.1859222258447844,0.2947408660598809,2.2261617183685303
AlOx-HfO2,exp2,50,5,91.55160069113838,0.04317988419964811,1.298091750898901,0.3221321797539748,2.219780683517456
AlOx-HfO2,exp2,60,1,91.49193082936611,0.04321285056975161,1.1884683396117846,0.2997328923542365,2.3701839447021484
AlOx-HfO2,exp2,60,2,91.47203082936589,0.04317044708522639,1.1818775260847625,0.29264768738625435,2.3172247409820557
AlOx-HfO2,exp2,60,3,91.59143082936612,0.04316192149740379,1.2264989860260513,0.30335842544369496,2.358325481414795
AlOx-HfO2,exp2,60,4,91.41233082936624,0.043173266958482066,1.1878031854449813,0.33559186799310514,2.3333330154418945
AlOx-HfO2,exp2,60,5,91.37253082936566,0.04314840338686532,1.1925339761287868,0.2986902484145876,2.4020028114318848
AlOx-HfO2,exp2,70,1,91.5914609675938,0.04316200667141241,1.2264989860260513,0.30335842544369496,2.5321598052978516
AlOx-HfO2,exp2,70,2,91.60141096759372,0.043144635500930374,1.4432346920642234,0.36807312133558956,2.509260654449463
AlOx-HfO2,exp2,70,3,91.34271096759366,0.04314658357629583,1.7918987639941364,0.39508704806156136,2.4921696186065674
AlOx-HfO2,exp2,70,4,91.24321096759377,0.04318704184401328,4.513537592971998,0.7593997479855008,2.499044418334961
AlOx-HfO2,exp2,70,5,91.55166096759358,0.043179957661976805,1.296820302553881,0.3222822583336169,2.4945812225341797
AlOx-HfO2,exp2,80,1,91.2233411058209,0.04309365298554306,2.129588078547287,0.429540007212585,2.6946396827697754
AlOx-HfO2,exp2,80,2,91.41239110582123,0.04317442349959735,1.2136660488111937,0.36590731808818,2.69245982170105
AlOx-HfO2,exp2,80,3,91.31979110582105,0.04322747054796985,4.143521198331953,0.705625426098305,2.706176280975342
AlOx-HfO2,exp2,80,4,91.34274110582136,0.043148374698136344,1.8265243140658016,0.3950554569544944,2.665126085281372
AlOx-HfO2,exp2,80,5,91.34274110582136,0.04314857761218175,1.8945626790124757,0.394976466959583,2.604673147201538
AlOx-HfO2,exp2,90,1,91.48207124404884,0.04318371303905728,1.1862005508525149,0.29489093986868387,2.809065580368042
AlOx-HfO2,exp2,90,2,91.37262124404899,0.04314779457658554,1.1922025085175934,0.29867445292424033,2.8694686889648438
AlOx-HfO2,exp2,90,3,91.34277124404899,0.043147415340072284,1.7942002475587555,0.3945815305866289,2.896099328994751
AlOx-HfO2,exp2,90,4,91.24327124404861,0.04312788613851021,2.7167669349906305,0.8237800765409746,2.888887405395508
AlOx-HfO2,exp2,90,5,91.60147124404905,0.043146221451083926,1.2398285014834274,0.3366043206880873,2.8780274391174316
EpiRAM,exp1,100,1,13.839948882276094,0.048345805190634555,0.9671312881805854,0.2910665133879746,3.246105194091797
EpiRAM,exp1,100,2,13.858193882276089,0.04843285306883039,0.9548511938222817,0.2771332089629368,3.271143674850464
EpiRAM,exp1,100,3,13.847913882276119,0.048367124803287774,0.964328165634277,0.2670780721811745,3.366535186767578
EpiRAM,exp1,100,4,13.87214388227608,0.048476790526273,0.9827786923840062,0.29015816199236966,3.3630776405334473
EpiRAM,exp1,100,5,13.864011382276164,0.04843750827974527,0.957059070156919,0.27883140617770863,3.260720729827881
EpiRAM,exp1,10,1,13.902590138227628,0.04854759596388049,0.9527960326775899,0.2880255599548036,1.9276905059814453
EpiRAM,exp1,10,2,13.863740138227659,0.048435738341169224,0.9588315910345214,0.27932112776732865,2.0013701915740967
EpiRAM,exp1,10,3,13.848952638227654,0.04841461660950741,0.9719886287810088,0.27044292447596874,1.9034695625305176
EpiRAM,exp1,10,4,13.8498051382276,0.04837276052590598,0.9686621276213228,0.29102701832732336,1.9761574268341064
EpiRAM,exp1,10,5,13.854617638227595,0.048390448144723874,0.9621343264502388,0.2936336147960077,1.9224050045013428
EpiRAM,exp1,1,1,12.428405513822732,0.04460939665542421,11.494052601155541,1.8863831913230769,1.8306360244750977
EpiRAM,exp1,1,2,12.428405513822732,0.04460324772632729,11.517202294167484,1.879519239394341,1.8101110458374023
EpiRAM,exp1,1,3,12.428405513822732,0.04459124937491317,11.572170211073487,1.8889898742353175,1.839686393737793
EpiRAM,exp1,1,4,12.428405513822732,0.04459719875239267,11.544045749334643,1.8844796792655103,1.8611869812011719
EpiRAM,exp1,1,5,12.428405513822732,0.04460939665542421,11.494052601155541,1.8863831913230769,1.8247497081756592
EpiRAM,exp1,20,1,13.844042776455169,0.04832768522799055,0.9652741586885389,0.2879070194344777,2.0653035640716553
EpiRAM,exp1,20,2,13.89116777645524,0.048516084571796195,0.9520893999196588,0.28915501386372,2.1167242527008057
EpiRAM,exp1,20,3,13.846677776455186,0.04836372590641693,0.958044343003207,0.26755199875440283,2.073294162750244
EpiRAM,exp1,20,4,13.849835276455213,0.04837284569991491,0.9686621276213228,0.29102701832732336,2.093524694442749
EpiRAM,exp1,20,5,13.850997776455237,0.04837652877025613,0.9842369217916244,0.2890444330145172,2.113102912902832
EpiRAM,exp1,30,1,13.839737914682908,0.04834525500164848,0.9634782690644094,0.2918485889315683,2.2452454566955566
EpiRAM,exp1,30,2,13.862957914682795,0.04846916024538534,0.9571599466164733,0.2911139665400597,2.1621973514556885
EpiRAM,exp1,30,3,13.873095414682801,0.0484786303474476,0.9828083535863934,0.2895736644670599,2.210982084274292
EpiRAM,exp1,30,4,13.861140414682891,0.04843436472734998,0.9627027669301489,0.28011894155131145,2.2272815704345703
EpiRAM,exp1,30,5,13.870272914682813,0.048471053984162536,0.9661056689433294,0.2911218103685229,2.240269422531128
EpiRAM,exp1,40,1,13.862490552910469,0.04846489749190747,0.9390225264389185,0.25513836425541925,2.3785464763641357
EpiRAM,exp1,40,2,13.88823805291047,0.04851184218291925,0.9565687451579626,0.28967643049186975,2.3509862422943115
EpiRAM,exp1,40,3,13.884913052910388,0.04850995942116029,0.9399486222863045,0.2896289942904673,2.4694736003875732
EpiRAM,exp1,40,4,13.846738052910508,0.04836976019520068,0.9662571990253369,0.291303475963705,2.386629819869995
EpiRAM,exp1,40,5,13.846738052910508,0.04836976019520068,0.9662571990253369,0.291303475963705,2.417264699935913
EpiRAM,exp1,50,1,13.846768191138054,0.04836984536920912,0.9662571990253369,0.291303475963705,2.5263617038726807
EpiRAM,exp1,50,2,13.858043191138062,0.048432427198787,0.9548511938222817,0.2771332089629368,2.5182383060455322
EpiRAM,exp1,50,3,13.863683191138106,0.04846955233161324,0.9663114230401333,0.29071907722770973,2.5575661659240723
EpiRAM,exp1,50,4,13.901050691138026,0.04854470702433699,0.9329862611587756,0.27199901908506874,2.5132453441619873
EpiRAM,exp1,50,5,13.846768191138054,0.04836398142844295,0.958044343003207,0.26755199875440283,2.5689756870269775
EpiRAM,exp1,60,1,13.846798329365667,0.04836993054321784,0.9662571990253369,0.291303475963705,2.6427323818206787
EpiRAM,exp1,60,2,13.863048329365672,0.04846941576741143,0.9571599466164733,0.2911139665400597,2.6532349586486816
EpiRAM,exp1,60,3,13.85807332936561,0.04843251237279587,0.9548511938222817,0.2771332089629368,2.715165615081787
EpiRAM,exp1,60,4,13.84630082936573,0.04836984653231545,0.9669304639350664,0.29135096627138424,2.659726142883301
EpiRAM,exp1,60,5,13.84364082936564,0.04836161710071455,0.9607114678411063,0.2675914910899806,2.699211359024048
EpiRAM,exp1,70,1,13.884505967593343,0.04850723195913377,0.9434904796790768,0.2700717015986669,2.8858914375305176
EpiRAM,exp1,70,2,13.850483467593284,0.04836982699961565,0.9676867513532046,0.27146189211468297,2.8944251537323
EpiRAM,exp1,70,3,13.867733467593313,0.0484709481121449,0.9681043774956035,0.29072696434116807,2.7948598861694336
EpiRAM,exp1,70,4,13.84998596759324,0.048373271569958305,0.9686621276213228,0.29102701832732336,2.817145586013794
EpiRAM,exp1,70,5,13.854118467593263,0.04842069274425163,0.9374622579781758,0.270498216519826,2.7980782985687256
EpiRAM,exp1,80,1,13.847853605820916,0.0483669544552704,0.964328165634277,0.2670780721811745,3.001408100128174
EpiRAM,exp1,80,2,13.858133605820885,0.048432682720813025,0.9548511938222817,0.2771332089629368,2.940727472305298
EpiRAM,exp1,80,3,13.813841105820847,0.04824739742482429,0.9427506982048452,0.2690291439525403,2.9412050247192383
EpiRAM,exp1,80,4,13.89166860582088,0.048534573029949145,0.928497656987815,0.2732709591303397,3.0002214908599854
EpiRAM,exp1,80,5,13.854148605820866,0.04842077791826034,0.9374622579781758,0.270498216519826,2.997560501098633
EpiRAM,exp1,90,1,13.844253744048517,0.04832828144605113,0.9652741586885389,0.2879070194344777,3.123915672302246
EpiRAM,exp1,90,2,13.846888744048535,0.0483643221244775,0.958044343003207,0.26755199875440283,3.0851573944091797
EpiRAM,exp1,90,3,13.870453744048516,0.048471565028214716,0.9661056689433294,0.2911218103685229,3.120824098587036
EpiRAM,exp1,90,4,13.86779374404847,0.04847111846016207,0.9681043774956035,0.29072696434116807,3.130002498626709
EpiRAM,exp1,90,5,13.858163744048486,0.04843276789482195,0.9548511938222817,0.2771332089629368,3.1100916862487793
EpiRAM,exp2,100,1,14.396291382276123,0.03412951469749848,1.8334030529647263,0.506983934457035,3.007260799407959
EpiRAM,exp2,100,2,14.40924638227613,0.03414921374562606,1.7478405253379607,0.4498716842592607,2.9195919036865234
EpiRAM,exp2,100,3,14.370041382276137,0.03409560875371163,2.130692158650002,0.5341426777114953,2.921110153198242
EpiRAM,exp2,100,4,14.283168882276088,0.03391650388364744,2.282971779353602,0.5986103471694593,2.9424474239349365
EpiRAM,exp2,100,5,14.283168882276088,0.03391650388364744,2.282971779353602,0.5986103471694593,2.9379937648773193
EpiRAM,exp2,10,1,14.281902638227605,0.03391464655017488,1.6918439318391714,0.39550023533252804,1.6025474071502686
EpiRAM,exp2,10,2,14.32378263822755,0.033946158851099355,1.7672727134991253,0.4425503749594095,1.6102979183197021
EpiRAM,exp2,10,3,14.395025138227643,0.034125749399745,1.8339855502613074,0.5080186760307763,1.6807849407196045
EpiRAM,exp2,10,4,14.303497638227599,0.03395106324745442,2.07746174360802,0.5072288026530269,1.6085081100463867
EpiRAM,exp2,10,5,14.32378263822755,0.033946158851099355,1.7672727134991253,0.4425503749594095,1.6292319297790527
EpiRAM,exp2,1,1,12.159080513822751,0.03010564796760798,9.855785076966418,1.4403707454279209,1.5057120323181152
EpiRAM,exp2,1,2,12.159080513822751,0.03012563652399698,9.82880814685552,1.4389489612216972,1.4602785110473633
EpiRAM,exp2,1,3,12.159080513822751,0.030139395068003907,9.878562728031655,1.4388067771804018,1.4951112270355225
EpiRAM,exp2,1,4,12.159080513822751,0.03012563652399698,9.82880814685552,1.4389489612216972,1.5096015930175781
EpiRAM,exp2,1,5,12.159080513822751,0.030139395068003907,9.878562728031655,1.4388067771804018,1.4663214683532715
EpiRAM,exp2,20,1,14.346880276455215,0.03404809452139862,2.3337456734647866,0.5981127161840027,1.7800381183624268
EpiRAM,exp2,20,2,14.340575276455189,0.034013024501710114,1.620616771356482,0.395318960202876,1.822075366973877
EpiRAM,exp2,20,3,14.368307776455152,0.03408876385843534,2.1301572522191936,0.5337951313482148,1.7543354034423828
EpiRAM,exp2,20,4,14.341072776455238,0.03401597067696923,1.7664491410213305,0.39527907835593173,1.7719616889953613
EpiRAM,exp2,20,5,14.207360276455162,0.033768577794494804,1.6101310005461942,0.3964405835847938,1.7875113487243652
EpiRAM,exp2,30,1,14.394587914682866,0.03412470745491529,1.8348696024592206,0.5078528024189142,1.91465163230896
EpiRAM,exp2,30,2,14.323842914682832,0.0339463291991168,1.7672727134991253,0.4425503749594095,1.9386160373687744
EpiRAM,exp2,30,3,14.28196291468276,0.033914789104406526,2.1598228804480155,0.5986182460441507,1.9392776489257812
EpiRAM,exp2,30,4,14.30256291468278,0.03394667495345197,2.0779232039459203,0.5072919931529378,1.938917875289917
EpiRAM,exp2,30,5,14.346412914682888,0.03404721930205795,2.2032881030037594,0.5982469949605917,1.9566268920898438
EpiRAM,exp2,40,1,14.336818052910502,0.03399941931503954,1.6211480451489046,0.3945843734267021,2.147801160812378
EpiRAM,exp2,40,2,14.301100552910427,0.033941203919161965,2.070742958486689,0.5078054145735478,2.0710504055023193
EpiRAM,exp2,40,3,14.304085552910404,0.03395449560212238,2.0777168865998172,0.5072288025108507,2.0223731994628906
EpiRAM,exp2,40,4,14.34013805291041,0.03401052607207432,1.6265674713375422,0.3951688845457661,2.0869529247283936
EpiRAM,exp2,40,5,14.302593052910499,0.03394676012746065,2.0779232039459203,0.5072919931529378,2.0617926120758057
EpiRAM,exp2,50,1,14.36657069113802,0.03408546257468091,1.9412803424613763,0.5024658571446556,2.218015432357788
EpiRAM,exp2,50,2,14.367068191138072,0.03408845954918198,2.0009478281440765,0.5024737558850689,2.2385787963867188
EpiRAM,exp2,50,3,14.26094569113805,0.03384918083790546,1.7647630883390253,0.46993508604872947,2.222050905227661
EpiRAM,exp2,50,4,14.32390319113803,0.033944298728077395,1.7676509359668202,0.442510881178358,2.2121589183807373
EpiRAM,exp2,50,5,14.346473191138037,0.03404738965007528,2.2032881030037594,0.5982469949605917,2.2368154525756836
EpiRAM,exp2,60,1,14.322938329365606,0.03394165248898101,1.7664346389376528,0.44259776631186276,2.3784737586975098
EpiRAM,exp2,60,2,14.30364832936563,0.03395148911749767,2.07746174360802,0.5072288026530269,2.428145408630371
EpiRAM,exp2,60,3,14.345173329365673,0.03404736682686446,1.694445786525738,0.39522377313071383,2.3824236392974854
EpiRAM,exp2,60,4,14.347000829365694,0.03404843521743332,2.3337456734647866,0.5981127161840027,2.3895883560180664
EpiRAM,exp2,60,5,14.30364832936563,0.03395148911749767,2.07746174360802,0.5072288026530269,2.3614261150360107
EpiRAM,exp2,70,1,14.32396346759331,0.03394446907609467,1.7676509359668202,0.442510881178358,2.575920820236206
EpiRAM,exp2,70,2,14.32396346759331,0.0339466698951515,1.7672727134991253,0.4425503749594095,2.5867459774017334
EpiRAM,exp2,70,3,14.32114096759327,0.033939607422439164,1.766609319871335,0.4425819697788851,2.500847339630127
EpiRAM,exp2,70,4,14.301688467593232,0.03394155736051455,2.077805710886391,0.5077501230273158,2.5142226219177246
EpiRAM,exp2,70,5,14.39753096759321,0.03413097715467561,1.833674683239532,0.507007630907337,2.503659725189209
EpiRAM,exp2,80,1,14.282113605820959,0.03391522446816748,2.0649096653739423,0.5985945494114027,2.68670654296875
EpiRAM,exp2,80,2,14.416486105820898,0.03419139570749618,1.8672009028281136,0.5983406236453392,2.6334073543548584
EpiRAM,exp2,80,3,14.400048605820865,0.03414213971920388,2.1094129279539118,0.5944161123522835,2.6486189365386963
EpiRAM,exp2,80,4,14.262031105820956,0.03385290815437609,1.7656176510577568,0.46994297877030267,2.657179594039917
EpiRAM,exp2,80,5,14.345233605820836,0.03404753717488183,1.694445786525738,0.39522377313071383,2.6787428855895996
EpiRAM,exp2,90,1,14.301748744048556,0.033941727708531926,2.077805710886391,0.5077501230273158,2.867732524871826
EpiRAM,exp2,90,2,14.395266244048434,0.034126430791814356,1.8339855502613074,0.5080186760307763,2.8834688663482666
EpiRAM,exp2,90,3,14.282143744048506,0.033915318906761305,1.7661163375221969,0.3955318305295888,2.8686776161193848
EpiRAM,exp2,90,4,14.324023744048459,0.033944639424112,1.7676509359668202,0.442510881178358,2.744368314743042
EpiRAM,exp2,90,5,14.274011244048484,0.03389486417594402,1.6659328400837552,0.3976250001528076,2.8327507972717285
TaOx-HfOx,exp1,100,1,0.0886873572761728,2.883266297123691e-05,3.81824045932176,0.6989356375498161,3.2734944820404053
TaOx-HfOx,exp1,100,2,0.08841520727617257,2.8745707326560187e-05,3.835537511817755,0.7059733493425462,3.319526433944702
TaOx-HfOx,exp1,100,3,0.08841520727617257,2.8745707312823922e-05,3.8355204061770656,0.7059733493425462,3.3804399967193604
TaOx-HfOx,exp1,100,4,0.0885412072761728,2.8806716618613986e-05,3.7230943156123577,0.701629014446155,3.3366241455078125
TaOx-HfOx,exp1,100,5,0.08866243227617301,2.8829595886766692e-05,3.7589885359611728,0.6914634758086464,3.2854807376861572
TaOx-HfOx,exp1,10,1,0.0884161132276172,2.806609686007397e-05,3.818173943997617,0.6989356375498161,2.008181095123291
TaOx-HfOx,exp1,10,2,0.08867141322761768,2.820732589692354e-05,3.7308726631601776,0.7026961423627363,2.0170576572418213
TaOx-HfOx,exp1,10,3,0.08817366322761706,2.8012429962152865e-05,3.769257719177591,0.7057521233405595,1.8969361782073975
TaOx-HfOx,exp1,10,4,0.08839118822761688,2.806302980877041e-05,3.7589885359611728,0.6914634758086464,1.9813027381896973
TaOx-HfOx,exp1,10,5,0.08831808822761705,2.804905028705097e-05,3.7109060295580827,0.6831616820637372,1.9369709491729736
TaOx-HfOx,exp1,1,1,0.06216423882276147,1.8090129420897693e-05,68.90945155644914,9.162564939277312,1.8569209575653076
TaOx-HfOx,exp1,1,2,0.06216423882276147,1.8090129420897693e-05,68.90945155644914,9.162564939277312,1.8171563148498535
TaOx-HfOx,exp1,1,3,0.06216423882276147,1.8087039107937224e-05,68.94840797277236,9.162438882931351,1.8193848133087158
TaOx-HfOx,exp1,1,4,0.06216423882276147,1.810033046852439e-05,69.4019458134011,9.06428090046414,1.8370554447174072
TaOx-HfOx,exp1,1,5,0.06216423882276147,1.8093373899484146e-05,69.13987454388075,9.15566146909751,1.8328022956848145
TaOx-HfOx,exp1,20,1,0.08817410145523448,2.8064315185442474e-05,3.8354626984829294,0.7059575517669359,2.0743319988250732
TaOx-HfOx,exp1,20,2,0.08817410145523448,2.8064315296574942e-05,3.83552015509329,0.7059891468865622,2.0641822814941406
TaOx-HfOx,exp1,20,3,0.08817410145523448,2.8064315200421666e-05,3.8354882494398863,0.7059575517669359,2.1148793697357178
TaOx-HfOx,exp1,20,4,0.08842132645523441,2.81482040072531e-05,3.7591791197855327,0.6915266658583334,2.133533239364624
TaOx-HfOx,exp1,20,5,0.08820380145523456,2.8098278397945828e-05,3.8078318963701787,0.708856400706793,2.14774751663208
TaOx-HfOx,exp1,30,1,0.08847638968285171,2.823646984680954e-05,3.7932093632128137,0.6909025672396787,2.286712169647217
TaOx-HfOx,exp1,30,2,0.08814291468285153,2.8116813221483117e-05,3.9274280373187955,0.7244248665904607,2.2452874183654785
TaOx-HfOx,exp1,30,3,0.08820423968285197,2.8149489265896516e-05,3.835537511817755,0.7059733493425462,2.330573320388794
TaOx-HfOx,exp1,30,4,0.08820423968285197,2.8149489223756308e-05,3.8354991445620517,0.705965450523145,2.300741195678711
TaOx-HfOx,exp1,30,5,0.08800858968285206,2.8049997949163538e-05,3.945711420677367,0.7154923583510495,2.3133158683776855
TaOx-HfOx,exp1,40,1,0.08841347791046883,2.8309925779931915e-05,3.729218049250158,0.6991882821108071,2.4031763076782227
TaOx-HfOx,exp1,40,2,0.08853800291046929,2.8339150014662724e-05,4.130426351579322,0.7443221367646018,2.4338977336883545
TaOx-HfOx,exp1,40,3,0.08821102791046918,2.824358371067869e-05,3.928356491877923,0.714598779694871,2.502504825592041
TaOx-HfOx,exp1,40,4,0.08841347791046883,2.830992563388153e-05,3.7291208671872123,0.6991882819686275,2.440769910812378
TaOx-HfOx,exp1,40,5,0.08836037791046902,2.8295672607930438e-05,3.7232674043192606,0.7017159007012808,2.4048678874969482
TaOx-HfOx,exp1,50,1,0.08824116613808668,2.832875773247132e-05,3.928379198127728,0.7146224759477064,2.5834531784057617
TaOx-HfOx,exp1,50,2,0.08853666613808674,2.840679292790568e-05,3.81824045932176,0.6989356375498161,2.6171836853027344
TaOx-HfOx,exp1,50,3,0.08816339113808641,2.826329918152899e-05,3.930070334959407,0.7189833855751857,2.5803658962249756
TaOx-HfOx,exp1,50,4,0.08824116613808668,2.8328757570986307e-05,3.9282961411249313,0.7145592856926548,2.620039701461792
TaOx-HfOx,exp1,50,5,0.08839051613808656,2.8380846642586838e-05,3.723355190142928,0.7017237994732923,2.5589752197265625
TaOx-HfOx,exp1,60,1,0.08829465436570402,2.840501127815912e-05,3.8355204061770656,0.7059733493425462,2.6928458213806152
TaOx-HfOx,exp1,60,2,0.08876747936570345,2.859066243882857e-05,3.92461934106739,0.7339673709158419,2.7336716651916504
TaOx-HfOx,exp1,60,3,0.08809900436570398,2.8305520075357526e-05,3.9458002299898065,0.7155160546828689,2.7701141834259033
TaOx-HfOx,exp1,60,4,0.08827130436570356,2.8413931700826686e-05,3.9283444465268245,0.7145908809070711,2.7255442142486572
TaOx-HfOx,exp1,60,5,0.08832435436570397,2.8438974562041074e-05,3.8079830513728448,0.7088564010227429,2.6753838062286377
TaOx-HfOx,exp1,70,1,0.08850389259332139,2.8565448083064954e-05,3.7295796476120473,0.6992198771672378,2.8678343296051025
TaOx-HfOx,exp1,70,2,0.0883247925933209,2.849018530056157e-05,3.835537511817755,0.7059733493425462,2.848311424255371
TaOx-HfOx,exp1,70,3,0.08845079259332093,2.8551194578222653e-05,3.7230053809816157,0.7016211156741505,2.9258084297180176
TaOx-HfOx,exp1,70,4,0.08845079259332093,2.855119460669709e-05,3.723190219438048,0.701629014446155,2.9124321937561035
TaOx-HfOx,exp1,70,5,0.08835449259332086,2.8524148583534883e-05,3.8079851078996763,0.7088564010385383,2.8844571113586426
TaOx-HfOx,exp1,80,1,0.08853403082093823,2.8647988631873888e-05,3.704516481742933,0.6830984918560823,3.057354211807251
TaOx-HfOx,exp1,80,2,0.08829360582093859,2.854268311990557e-05,3.9351222863831796,0.7251752486279202,3.021223783493042
TaOx-HfOx,exp1,80,3,0.08853403082093823,2.8650622091731134e-05,3.7295796476120473,0.6992198771672378,3.044351577758789
TaOx-HfOx,exp1,80,4,0.08852905582093828,2.8645268347714632e-05,3.7109060295580827,0.6831616820637372,3.0841963291168213
TaOx-HfOx,exp1,80,5,0.08848093082093857,2.863636854184465e-05,3.723100759323871,0.7016290143987689,3.0929949283599854
TaOx-HfOx,exp1,90,1,0.08856416904855577,2.873579635760455e-05,3.729928631091921,0.6994252443074025,3.2223668098449707
TaOx-HfOx,exp1,90,2,0.08851106904855596,2.8721542677251896e-05,3.723355190142928,0.7017237994732923,3.206423044204712
TaOx-HfOx,exp1,90,3,0.08856416904855577,2.8733162353228403e-05,3.7043724834646237,0.6830668966732603,3.252431631088257
TaOx-HfOx,exp1,90,4,0.08851106904855596,2.8721542595555277e-05,3.7230053809816157,0.7016211156741505,3.235900640487671
TaOx-HfOx,exp1,90,5,0.08865721904855582,2.8747489089008362e-05,3.818435378317107,0.6988487514052721,3.1721396446228027
TaOx-HfOx,exp2,100,1,0.09086195727617263,2.296399826085177e-05,5.067713931033791,1.6166755567793911,2.9401018619537354
TaOx-HfOx,exp2,100,2,0.09111460727617252,2.2975064987912678e-05,5.6339834130385675,1.6667064621826941,3.040745496749878
TaOx-HfOx,exp2,100,3,0.09100530727617291,2.289503697931728e-05,4.666685332530376,1.6500084112681226,3.062983512878418
TaOx-HfOx,exp2,100,4,0.09077595727617326,2.2857454848380943e-05,4.390682946995353,1.648160148190701,3.03074049949646
TaOx-HfOx,exp2,100,5,0.09080875727617277,2.2958588642254643e-05,5.126115832694544,1.6167071518042326,2.971292734146118
TaOx-HfOx,exp2,10,1,0.09053086322761715,2.2191955188246073e-05,5.127892114570102,1.6167071518042326,1.6420445442199707
TaOx-HfOx,exp2,10,2,0.09072371322761716,2.220081303490372e-05,5.1937616133741535,1.6181684041364006,1.706441879272461
TaOx-HfOx,exp2,10,3,0.09058406322761703,2.2191827495202095e-05,5.216477062873147,1.6181684041521978,1.5998406410217285
TaOx-HfOx,exp2,10,4,0.0898586382276171,2.1900973180946406e-05,2.395683449258446,0.9772693495127782,1.6151354312896729
TaOx-HfOx,exp2,10,5,0.09098301322761718,2.2217459077973116e-05,5.632447649496968,1.6667064562428537,1.6811168193817139
TaOx-HfOx,exp2,1,1,0.060375388822761625,1.2169124056038267e-05,50.22021879483965,6.859795892914938,1.5240705013275146
TaOx-HfOx,exp2,1,2,0.060375388822761625,1.218078365425592e-05,51.29778006812981,7.102674965113573,1.570063829421997
TaOx-HfOx,exp2,1,3,0.060375388822761625,1.2184938319595805e-05,51.28574684456311,7.101419049558868,1.5091969966888428
TaOx-HfOx,exp2,1,4,0.060375388822761625,1.218078365425592e-05,51.29778006812981,7.102674965113573,1.5454339981079102
TaOx-HfOx,exp2,1,5,0.060375388822761625,1.2187066645957742e-05,51.303331364702515,7.104159931059991,1.5293431282043457
TaOx-HfOx,exp2,20,1,0.09060800145523447,2.2181395118122963e-05,4.39023721285224,1.6481601481907004,1.848534345626831
TaOx-HfOx,exp2,20,2,0.0906844014552346,2.220682150161894e-05,4.717033813103543,1.650024208846839,1.8571465015411377
TaOx-HfOx,exp2,20,3,0.09060800145523447,2.2181395118122963e-05,4.39023721285224,1.6481601481907004,1.8078055381774902
TaOx-HfOx,exp2,20,4,0.09073420145523432,2.2215932818156526e-05,4.554977089742921,1.666167742841493,1.8257739543914795
TaOx-HfOx,exp2,20,5,0.09054460145523435,2.222792592607511e-05,4.783137142573183,1.6329311875188608,1.7889902591705322
TaOx-HfOx,exp2,30,1,0.09068986468285231,2.2224798651056942e-05,3.354671781469743,1.6651551257581267,1.9281563758850098
TaOx-HfOx,exp2,30,2,0.0905649896828519,2.2261236787717068e-05,4.390682946995353,1.648160148190701,1.9062466621398926
TaOx-HfOx,exp2,30,3,0.09061478968285154,2.2285413253046354e-05,4.865515716763179,1.6489973725457687,2.0398895740509033
TaOx-HfOx,exp2,30,4,0.09069133968285185,2.2269941886611897e-05,4.391691290967428,1.6481601481907004,2.0265252590179443
TaOx-HfOx,exp2,30,5,0.09041203968285169,2.224910541376099e-05,4.465584699772534,1.6481601481591124,1.9541747570037842
TaOx-HfOx,exp2,40,1,0.09044217791046932,2.2334898828114215e-05,4.411460261519293,1.6481601481591124,2.096867799758911
TaOx-HfOx,exp2,40,2,0.09059467791046878,2.2445837879856733e-05,5.12855578215223,1.6167071518042326,2.065533399581909
TaOx-HfOx,exp2,40,3,0.09072812791046876,2.2358226814183207e-05,4.279265039136453,1.6481601481907004,2.1311144828796387
TaOx-HfOx,exp2,40,4,0.09044080291046881,2.2258277215326733e-05,3.109457257561144,1.6569088452219667,2.095431089401245
TaOx-HfOx,exp2,40,5,0.09063147791046876,2.2400634738449595e-05,4.747475164591618,1.6329311873924826,2.1299688816070557
TaOx-HfOx,exp2,50,1,0.09051221613808652,2.2423257777652148e-05,4.409064429873783,1.6481601481591124,2.289921760559082
TaOx-HfOx,exp2,50,2,0.09075161613808626,2.2440289903944443e-05,4.391691290967428,1.6481601481907004,2.2595038414001465
TaOx-HfOx,exp2,50,3,0.09061049113808642,2.2382929173826724e-05,3.385136769256917,1.6651393281509215,2.278137683868408
TaOx-HfOx,exp2,50,4,0.09114346613808628,2.2560636778277745e-05,5.632073292074835,1.6667064562428537,2.2926483154296875
TaOx-HfOx,exp2,50,5,0.09120499113808622,2.2564611968842073e-05,5.639735748595378,1.6669592190481646,2.2906267642974854
TaOx-HfOx,exp2,60,1,0.09094765436570372,2.261583136727351e-05,4.880669184604142,1.6170705825027265,2.4305129051208496
TaOx-HfOx,exp2,60,2,0.0908581543657039,2.255258644438852e-05,4.665619448508178,1.6500084112681226,2.399207592010498
TaOx-HfOx,exp2,60,3,0.09077835436570365,2.2545542260397824e-05,4.926190362983214,1.6490131700107973,2.3981494903564453
TaOx-HfOx,exp2,60,4,0.09113045436570356,2.2636237151082258e-05,5.292018065369523,1.6178682641805444,2.4012298583984375
TaOx-HfOx,exp2,60,5,0.09072515436570378,2.2542521280549168e-05,4.838442021432734,1.6490131700897845,2.4581735134124756
TaOx-HfOx,exp2,70,1,0.0907782925933212,2.2686615424774512e-05,4.978416182047948,1.6168178229990828,2.6314682960510254
TaOx-HfOx,exp2,70,2,0.09113891759332145,2.2726659476812547e-05,5.638751842633682,1.6669592190323672,2.5329713821411133
TaOx-HfOx,exp2,70,3,0.09068509259332139,2.270135990585549e-05,5.12855578215223,1.6167071518042326,2.6005091667175293
TaOx-HfOx,exp2,70,4,0.09073164259332107,2.2705923673730144e-05,5.067710793551344,1.6166755567793911,2.607006311416626
TaOx-HfOx,exp2,70,5,0.09073209259332106,2.26086564090059e-05,4.257450561264398,1.6481601481907004,2.5650434494018555
TaOx-HfOx,exp2,80,1,0.09080168082093826,2.2793134618091532e-05,5.068450467003098,1.6166597592669705,2.707533836364746
TaOx-HfOx,exp2,80,2,0.0914683058209386,2.2831125888893245e-05,5.639802535626825,1.6669592190481646,2.7302818298339844
TaOx-HfOx,exp2,80,3,0.09088073082093823,2.293251271638399e-05,5.4143667632342165,1.6310355345738992,2.7793283462524414
TaOx-HfOx,exp2,80,4,0.09080843082093872,2.2771789433440706e-05,4.978416182047948,1.6168178229990828,2.7254104614257812
TaOx-HfOx,exp2,80,5,0.09088503082093831,2.275098926038501e-05,4.747620319966559,1.6329311873924826,2.72001051902771
TaOx-HfOx,exp2,90,1,0.09116869404855597,2.3002839279241473e-05,5.676253196087228,1.6664536930426606,2.87429141998291
TaOx-HfOx,exp2,90,2,0.09077196904855589,2.287334725757612e-05,5.127892114570102,1.6167071518042326,2.8931148052215576
TaOx-HfOx,exp2,90,3,0.0910861440485557,2.289054167024519e-05,5.641677698827808,1.6669592190481646,2.853595733642578
TaOx-HfOx,exp2,90,4,0.09104151904855588,2.2846679919519206e-05,4.779236942328184,1.6329312814189003,2.9158406257629395
TaOx-HfOx,exp2,90,5,0.09059286904855537,2.2760149465758494e-05,4.465584699772534,1.6481601481591124,2.859133720397949
